"Address","Content Type","Status Code","Status","Indexability","Indexability Status","Title 1","Title 1 Length","Title 1 Pixel Width","Meta Description 1","Meta Description 1 Length","Meta Description 1 Pixel Width","Meta Keywords 1","Meta Keywords 1 Length","H1-1","H1-1 Length","H1-2","H1-2 Length","H2-1","H2-1 Length","H2-2","H2-2 Length","Meta Robots 1","X-Robots-Tag 1","Meta Refresh 1","Canonical Link Element 1","rel=""next"" 1","rel=""prev"" 1","HTTP rel=""next"" 1","HTTP rel=""prev"" 1","amphtml Link Element","Size (bytes)","Word Count","Text Ratio","Crawl Depth","Link Score","Inlinks","Unique Inlinks","% of Total","Outlinks","Unique Outlinks","External Outlinks","Unique External Outlinks","Closest Similarity Match","No. Near Duplicates","Spelling Errors","Grammar Errors","Hash","Response Time","Last Modified","Redirect URL","Redirect Type","Cookies","HTTP Version","URL Encoded Address","Crawl Timestamp"
"https://massgeneral.org/","","302","Found : Moved Temporarily","Non-Indexable","Redirected","","0","0","","0","0","","0","","0","","0","","0","","0","","","","","","","","","","0","0","0.000","0","","2","2","1.960","0","0","0","0","","","","","","0.090","","https://www.massgeneral.org/","HTTP Redirect","","HTTP/1.1","https://massgeneral.org/","2021-09-21 07:55:02"
"https://www.massgeneral.org/","text/html; charset=UTF-8","200","OK","Indexable","","Massachusetts General Hospital","30","285","Patients at Mass General have access to a vast network of physicians, nearly all of whom are Harvard Medical School faculty and many of whom are leaders within their fields.","173","1087","","0","Our Strength Is Yours","21","","0","The Mass General Difference","27","Conditions & Treatments","23","","","","https://www.massgeneral.org/","","","","","","75271","646","10.538","1","","505","102","100.000","230","103","24","14","","","","","dac78d400e43f98fda19034b87462e61","0.233","","","","","HTTP/1.1","https://www.massgeneral.org/","2021-09-21 07:55:03"
"https://www.massgeneral.org/research/education/community-outreach/","text/html; charset=UTF-8","200","OK","Non-Indexable","Canonicalised","Community Outreach","18","188","The innovative education and training programs at Massachusetts General Hospital are designed to foster careers in science and medicine.","136","866","","0","Community Outreach","18","","0","The Mass General Difference","27","Conditions & Treatments","23","","","","https://www.massgeneral.org/research/education/community-outreach","","","","","","77589","466","9.989","2","","227","100","98.040","258","123","22","14","","","","","2f1046a61d1e5f2b77b4825bfd3c0bdd","0.370","","","","","HTTP/1.1","https://www.massgeneral.org/research/education/community-outreach/","2021-09-21 07:55:05"
"https://www.massgeneral.org/about","text/html; charset=UTF-8","200","OK","Indexable","","About Massachusetts General Hospital","36","341","Mass General is the #1 research hospital in America and has the largest hospital based research program in the U.S.","115","725","","0","The Mass General Difference","27","","0","The Mass General Difference","27","Conditions & Treatments","23","","","","https://www.massgeneral.org/about","","","","","","86310","1525","16.020","2","","122","100","98.040","252","109","27","21","","","","","eba8d549f66886df56ea7b1ad0b1dce5","0.433","","","","","HTTP/1.1","https://www.massgeneral.org/about","2021-09-21 07:55:05"
"https://www.massgeneral.org/omfs/","text/html; charset=UTF-8","200","OK","Non-Indexable","Canonicalised","Oral and Maxillofacial Surgery","30","264","We deliver high-quality, comprehensive oral and maxillofacial surgery patient care.","83","510","","0","Department of Oral & Maxillofacial Surgery","42","","0","The Mass General Difference","27","Conditions & Treatments","23","","","","https://www.massgeneral.org/omfs","","","","","","82223","671","10.152","2","","220","100","98.040","252","110","19","13","","","","","a41130e52d4ec37141fea9c25c21b4d","0.468","","","","","HTTP/1.1","https://www.massgeneral.org/omfs/","2021-09-21 07:55:05"
"https://www.massgeneral.org/notices/rights","text/html; charset=UTF-8","200","OK","Indexable","","Patient Rights & Concerns","25","233","Massachusetts General Hospital's goal is to provide the best health care experience possible. Patients or family members can share their compliments or voice any concerns about their experience by using the resources listed on this page.","237","1484","","0","Patient Rights & Concerns","25","","0","The Mass General Difference","27","Conditions & Treatments","23","","","","https://www.massgeneral.org/notices/rights","","","","","","66802","706","12.695","2","","219","100","98.040","222","99","17","12","","","","","cec25d6bd6e4739dc3c82c1c812df2d","0.339","","","","","HTTP/1.1","https://www.massgeneral.org/notices/rights","2021-09-21 07:55:06"
"https://www.massgeneral.org/orthopaedics/","text/html; charset=UTF-8","200","OK","Non-Indexable","Canonicalised","Orthopaedic Surgery","19","183","We offer the full spectrum of orthopaedic care and are the best and most comprehensive orthopaedic surgery department in New England.","133","854","","0","Department of Orthopaedic Surgery","33","","0","The Mass General Difference","27","Conditions & Treatments","23","","","","https://www.massgeneral.org/orthopaedics","","","","","","99205","949","10.522","2","","320","100","98.040","276","136","15","10","","","","","76b05a055670ecae389f55929587d464","0.355","","","","","HTTP/1.1","https://www.massgeneral.org/orthopaedics/","2021-09-21 07:55:06"
"https://www.massgeneral.org/quality-and-safety/","text/html; charset=UTF-8","200","OK","Non-Indexable","Canonicalised","Center for Quality and Safety","29","254","Mass General is committed to providing the highest-quality, safest care to all patients.","88","531","","0","Quality & Safety","16","","0","The Mass General Difference","27","Conditions & Treatments","23","","","","https://www.massgeneral.org/quality-and-safety","","","","","","71903","546","10.461","2","","223","100","98.040","234","105","17","11","","","","","6d923024a09f04d36993220135a3331","0.345","","","","","HTTP/1.1","https://www.massgeneral.org/quality-and-safety/","2021-09-21 07:55:06"
"https://www.massgeneral.org/news/press-release/Study-rules-out-an-antioxidant-treatment-for-slowing-the-progression-of-parkinsons","text/html; charset=UTF-8","200","OK","Indexable","","Study rules out an antioxidant treatment for slowing the progression of Parkinson’s disease","91","794","","0","0","","0","Study rules out an antioxidant treatment for slowing the progression of Parkinson’s disease","91","","0","The Mass General Difference","27","Conditions & Treatments","23","","","","https://www.massgeneral.org/news/press-release/Study-rules-out-an-antioxidant-treatment-for-slowing-the-progression-of-parkinsons","","","","","","72801","1222","16.391","2","","21","6","5.880","224","102","16","11","","","","","695b84c63728b7f6faf07ac7ea8015c6","0.615","","","","","HTTP/1.1","https://www.massgeneral.org/news/press-release/Study-rules-out-an-antioxidant-treatment-for-slowing-the-progression-of-parkinsons","2021-09-21 07:55:06"
"https://www.massgeneral.org/notices/privacy","text/html; charset=UTF-8","200","OK","Indexable","","Privacy & Security","18","161","Massachusetts General Hospital is strongly committed to protecting the privacy and security of its patients, families and other readers of the Mass General website.","164","1015","","0","Privacy & Security","18","","0","The Mass General Difference","27","Conditions & Treatments","23","","","","https://www.massgeneral.org/notices/privacy","","","","","","63906","461","10.613","2","","417","100","98.040","220","96","15","10","","","","","a9af19a085cb841fe7c482aaa87a3583","0.300","","","","","HTTP/1.1","https://www.massgeneral.org/notices/privacy","2021-09-21 07:55:07"
"https://www.massgeneral.org/transplant/","text/html; charset=UTF-8","200","OK","Non-Indexable","Canonicalised","The Transplant Center","21","199","The Transplant Center at Massachusetts General Hospital is the largest in New England and is made up of leading specialists in every area, offering all types of transplants currently available.","193","1181","","0","","0","","0","The Mass General Difference","27","Conditions & Treatments","23","","","","https://www.massgeneral.org/transplant","","","","","","70646","333","9.003","2","","217","100","98.040","241","114","15","10","","","","","f0ca8c3b24c4843168329b0256d1fdd9","0.382","","","","","HTTP/1.1","https://www.massgeneral.org/transplant/","2021-09-21 07:55:07"
"https://www.massgeneral.org/physical-medicine-rehabilitation/","text/html; charset=UTF-8","200","OK","Non-Indexable","Canonicalised","Department of Physical Medicine and Rehabilitation Service","58","526","The Massachusetts General Hospital Physical Medicine and Rehabilitation Service improves quality of care by bringing additional knowledge and expertise to the management of patients with disabilities and pain syndromes.","219","1380","","0","Physical Medicine and Rehabilitation Service","44","","0","The Mass General Difference","27","Conditions & Treatments","23","","","","https://www.massgeneral.org/physical-medicine-rehabilitation","","","","","","68038","462","10.161","2","","216","100","98.040","219","96","17","11","","","","","765ead35c34600100e4cb378c8575810","0.419","","","","","HTTP/1.1","https://www.massgeneral.org/physical-medicine-rehabilitation/","2021-09-21 07:55:07"
"https://www.massgeneral.org/conditions-and-treatments/","text/html; charset=UTF-8","200","OK","Non-Indexable","Canonicalised","Conditions and Treatments","25","239","Mass General offers diagnostic and treatment options for common and complex medical conditions.","95","614","","0","Conditions & Treatments","23","","0","The Mass General Difference","27","Conditions & Treatments","23","","","","https://www.massgeneral.org/conditions-and-treatments","","","","","","67700","432","9.829","2","","116","100","98.040","222","96","16","11","","","","","780a6cfe5d59361eb5fe4a13abe2f5d0","0.223","","","","","HTTP/1.1","https://www.massgeneral.org/conditions-and-treatments/","2021-09-21 07:55:07"
"https://www.massgeneral.org/notices/medical-records","text/html; charset=UTF-8","200","OK","Indexable","","Medical Records","15","148","Learn how to request a copy of your medical records at Massachusetts General Hospital.","86","554","","0","Medical Records","15","","0","The Mass General Difference","27","Conditions & Treatments","23","","","","https://www.massgeneral.org/notices/medical-records","","","","","","67187","729","12.818","2","","217","100","98.040","219","96","18","13","","","","","dcd3ac20e016edabdb281e5b648551f4","0.300","","","","","HTTP/1.1","https://www.massgeneral.org/notices/medical-records","2021-09-21 07:55:08"
"https://www.massgeneral.org/news/browse","text/html; charset=UTF-8","200","OK","Indexable","","Browse Mass General News","24","248","Search all news and articles from Mass General.","47","301","","0","Browse Mass General News","24","","0","The Mass General Difference","27","Conditions & Treatments","23","","","","https://www.massgeneral.org/news/browse","","","","","","163454","848","8.071","2","","29","3","2.940","238","106","15","10","","","","","9c39526338368f98f45364e81947c336","0.165","","","","","HTTP/1.1","https://www.massgeneral.org/news/browse","2021-09-21 07:55:08"
"https://www.massgeneral.org/education/","text/html; charset=UTF-8","200","OK","Non-Indexable","Canonicalised","Education","9","89","Massachusetts General Hospital offers exceptional learning experiences for all health professions, from student opportunities to specialized residencies and fellowships to continuing professional development.","208","1287","","0","Education","9","","0","The Mass General Difference","27","Conditions & Treatments","23","","","","https://www.massgeneral.org/education","","","","","","73640","457","9.487","2","","424","100","98.040","236","105","20","13","","","","","ddb3d225d9dbcd54e5e300779ebed8c2","0.330","","","","","HTTP/1.1","https://www.massgeneral.org/education/","2021-09-21 07:55:08"
"https://www.massgeneral.org/research/industry-collaborations/","text/html; charset=UTF-8","200","OK","Non-Indexable","Canonicalised","Invitation to Industry","22","176","The Mass General Research Institute is committed to collaborating with industry at all stages of research.","106","653","","0","Invitation to Industry","22","","0","The Mass General Difference","27","Conditions & Treatments","23","","","","https://www.massgeneral.org/research/industry-collaborations","","","","","","84867","590","10.288","2","","227","100","98.040","260","118","24","15","","","","","5f0702d507e205b7d3d9b2765d691627","0.331","","","","","HTTP/1.1","https://www.massgeneral.org/research/industry-collaborations/","2021-09-21 07:55:08"
"https://www.massgeneral.org/neurology/","text/html; charset=UTF-8","200","OK","Non-Indexable","Canonicalised","Department of Neurology","23","221","We integrate compassionate care with innovative research and rigorous medical training. Our subspecialty care is aided by the latest technology, from life-saving intervention for acute brain trauma to expert management of chronic illnesses.","240","1487","","0","Department of Neurology","23","","0","The Mass General Difference","27","Conditions & Treatments","23","","","","https://www.massgeneral.org/neurology","","","","","","86221","719","10.434","2","","220","100","98.040","267","127","20","14","","","","","b7c0dc00ade6f0e0a5671be5a1da4d5e","0.498","","","","","HTTP/1.1","https://www.massgeneral.org/neurology/","2021-09-21 07:55:08"
"https://www.massgeneral.org/international/","text/html; charset=UTF-8","200","OK","Non-Indexable","Canonicalised","International Patient Center","28","239","The Mass General International Patient Center offers state-of-the-art comprehensive care and dedicated services for patients from around the world.","147","922","","0","International Services at Mass General","38","","0","The Mass General Difference","27","Conditions & Treatments","23","","","","https://www.massgeneral.org/international","","","","","","84577","726","10.559","2","","225","100","98.040","255","106","18","12","","","","","3768354a881d5e88a0c6b98c5d5df9bd","0.371","","","","","HTTP/1.1","https://www.massgeneral.org/international/","2021-09-21 07:55:08"
"https://www.massgeneral.org/news/press-release/Massachusetts-general-hospital-marks-200-years-of-patient-care","text/html; charset=UTF-8","200","OK","Indexable","","Massachusetts General Hospital marks 200 years of patient care","62","566","","0","0","","0","Massachusetts General Hospital marks 200 years of patient care","62","","0","The Mass General Difference","27","Conditions & Treatments","23","","","","https://www.massgeneral.org/news/press-release/Massachusetts-general-hospital-marks-200-years-of-patient-care","","","","","","67953","914","14.368","2","","18","3","2.940","220","98","15","10","","","","","8cf7ace4a5e7131f5a448efd8ce2d218","0.334","","","","","HTTP/1.1","https://www.massgeneral.org/news/press-release/Massachusetts-general-hospital-marks-200-years-of-patient-care","2021-09-21 07:55:09"
"https://www.massgeneral.org/cancer-center/","text/html; charset=UTF-8","200","OK","Non-Indexable","Canonicalised","Mass General Cancer Center","26","257","Welcome to Mass General Cancer Center, one of the world’s leading cancer programs. We combine our innovative research and powerful therapeutic breakthroughs with a human, compassionate touch that honors your very personal cancer experience. .","242","1573","","0","","0","","0","The Mass General Difference","27","Conditions & Treatments","23","","","","https://www.massgeneral.org/cancer-center","","","","","","62167","331","9.527","2","","318","100","98.040","215","93","15","10","","","","","c383fe9e5a9ce8b59d7507032d2a2151","0.295","","","","","HTTP/1.1","https://www.massgeneral.org/cancer-center/","2021-09-21 07:55:09"
"https://www.massgeneral.org/ar/international","text/html; charset=UTF-8","200","OK","Indexable","","مركز المرضى الدوليين","20","149","يقدم مركز المرضى الدوليين �?ي مستش�?ى ماساتشوستس العام رعاية شاملة متطورة وخدمات م�?كرّسة للمرضى من جميع أنحاء العالم.","118","625","","0","مستشفى ماساتشوستس العام","23","","0","The Mass General Difference","27","Conditions & Treatments","23","","","","https://www.massgeneral.org/ar/international","","","","","","86772","725","10.479","2","","118","100","98.040","249","106","18","12","","","","","c1a491d461c8d04e097a8618d71b4965","0.313","","","","","HTTP/1.1","https://www.massgeneral.org/ar/international","2021-09-21 07:55:09"
"https://www.massgeneral.org/about/browse-centers-and-departments","text/html; charset=UTF-8","200","OK","Indexable","","Browse Centers & Departments","28","277","Learn more about the services and programs offered by departments at Massachusetts General Hospital.","100","653","","0","Centers and Departments","23","","0","The Mass General Difference","27","Conditions & Treatments","23","","","","https://www.massgeneral.org/about/browse-centers-and-departments","","","","","","73775","702","11.690","2","","729","100","98.040","238","102","16","11","","","","","f2f636aafb3f6158b02b328ad953b2c1","0.139","","","","","HTTP/1.1","https://www.massgeneral.org/about/browse-centers-and-departments","2021-09-21 07:55:09"
"https://www.massgeneral.org/services/","text/html; charset=UTF-8","200","OK","Non-Indexable","Canonicalised","Services and Amenities at Mass General","38","356","Mass General offers a wide range of services and amenities for patients, visitors and staff alike.","98","597","","0","","0","","0","The Mass General Difference","27","Conditions & Treatments","23","","","","https://www.massgeneral.org/services","","","","","","61931","331","9.562","2","","216","100","98.040","215","93","15","10","","","","","b6b82859a87bb64bd3b2fe037e8248bf","0.462","","","","","HTTP/1.1","https://www.massgeneral.org/services/","2021-09-21 07:55:09"
"https://www.massgeneral.org/primary-care/","text/html; charset=UTF-8","200","OK","Non-Indexable","Canonicalised","Primary Care","12","117","Massachusetts General Hospital provides comprehensive primary care and medical specialty services to 200,000 adult and pediatric patients in locations throughout Greater Boston.","177","1125","","0","Primary Care","12","","0","The Mass General Difference","27","Conditions & Treatments","23","","","","https://www.massgeneral.org/primary-care","","","","","","75378","520","10.039","2","","218","100","98.040","246","114","20","12","","","","","99e02bddd8fe3ab6ff8f9054513f62eb","0.436","","","","","HTTP/1.1","https://www.massgeneral.org/primary-care/","2021-09-21 07:55:09"
"https://www.massgeneral.org/research/clinical-trials/","text/html; charset=UTF-8","200","OK","Non-Indexable","Canonicalised","Clinical Trials","15","120","Massachusetts General Hospital invites patients and the community to participate in innovative clinical trials and research studies.","132","807","","0","Clinical Trials","15","","0","The Mass General Difference","27","Conditions & Treatments","23","","","","https://www.massgeneral.org/research/clinical-trials","","","","","","78145","480","10.053","2","","228","100","98.040","255","119","25","17","","","","","30093346f3855736f50edd3f98825e1d","0.296","","","","","HTTP/1.1","https://www.massgeneral.org/research/clinical-trials/","2021-09-21 07:55:10"
"https://www.massgeneral.org/notices/","text/html; charset=UTF-8","200","OK","Non-Indexable","Canonicalised","Legal and Administrative Notices","32","289","Guided by the needs of our patients and their families, Massachusetts General Hospital aims to deliver the very best health care in a safe, compassionate environment; to advance that care through innovative research and education; and to improve the health and well-being of the diverse communities we serve.","308","1933","","0","Legal and Administrative Notices","32","","0","The Mass General Difference","27","Conditions & Treatments","23","","","","https://www.massgeneral.org/notices","","","","","","65678","462","10.375","2","","216","100","98.040","231","101","15","10","","","","","dd7a63eb0e6d29413529c94ced16ff0","0.326","","","","","HTTP/1.1","https://www.massgeneral.org/notices/","2021-09-21 07:55:10"
"https://www.massgeneral.org/research/about/overview-of-the-research-institute","text/html; charset=UTF-8","200","OK","Indexable","","Overview of the Research Institute","34","300","Massachusetts General Hospital is home to the largest hospital-based research enterprise in the United States, with an annual budget of over $928 million in 2018. The Mass General Research Institute promotes, supports and guides research at the hospital.","254","1595","","0","About the Research Institute","28","","0","The Mass General Difference","27","Conditions & Treatments","23","","","","https://www.massgeneral.org/research/about/overview-of-the-research-institute","","","","","","84942","795","11.697","2","","134","100","98.040","267","119","27","18","","","","","201f73fe7b434e07bf9cbfa0865a2887","0.322","","","","","HTTP/1.1","https://www.massgeneral.org/research/about/overview-of-the-research-institute","2021-09-21 07:55:10"
"https://www.massgeneral.org/about/support","text/html; charset=UTF-8","200","OK","Indexable","","Giving","6","57","Your support helps provide the best possible care to every patient today, while expanding the boundaries of what will be possible in health care tomorrow.","154","950","","0","","0","","0","The Mass General Difference","27","Conditions & Treatments","23","","","","https://www.massgeneral.org/about/support","","","","","","61793","331","9.584","2","","220","100","98.040","215","93","15","10","","","","","1b4d883b72219b805ce43e4809b69ee0","0.327","","","","","HTTP/1.1","https://www.massgeneral.org/about/support","2021-09-21 07:55:11"
"https://www.massgeneral.org/neurosurgery/","text/html; charset=UTF-8","200","OK","Non-Indexable","Canonicalised","Neurosurgery","12","121","The Department of Neurosurgery at Massachusetts General Hospital performs more than 4,300 procedures each year, safely removing tumors considered inoperable by other hospitals.","176","1142","neurosurgery","12","Neurosurgery","12","","0","The Mass General Difference","27","Conditions & Treatments","23","","","","https://www.massgeneral.org/neurosurgery","","","","","","88683","782","10.127","2","","219","100","98.040","257","117","23","15","","","","","74b3c8b3db647e2fd3e14b501294d826","0.456","","","","","HTTP/1.1","https://www.massgeneral.org/neurosurgery/","2021-09-21 07:55:11"
"https://www.massgeneral.org/equity-and-inclusion/","text/html; charset=UTF-8","200","OK","Non-Indexable","Canonicalised","Equity and Community Health","27","264","We aim to have diverse talent across the organization, excelling in a supportive environment, and trained to deliver equitable high-quality care to—and conduct research in partnership with—a diverse community that feels valued and respected.","241","1503","","0","Equity and Community Health at Mass General","43","","0","The Mass General Difference","27","Conditions & Treatments","23","","","","https://www.massgeneral.org/equity-and-inclusion","","","","","","75447","686","10.947","2","","221","100","98.040","225","99","24","16","","","","","339bc1e2dd6aa9a36f7ae8cc4f9305f2","6.038","","","","","HTTP/1.1","https://www.massgeneral.org/equity-and-inclusion/","2021-09-21 07:55:05"
"https://www.massgeneral.org/pathology/","text/html; charset=UTF-8","200","OK","Non-Indexable","Canonicalised","Department of Pathology","23","218","The Pathology Service at Massachusetts General Hospital is an international leader in diagnosis and discovery.","110","693","","0","Department of Pathology","23","","0","The Mass General Difference","27","Conditions & Treatments","23","","","","https://www.massgeneral.org/pathology","","","","","","97529","1073","11.497","2","","223","100","98.040","270","130","19","14","","","","","13c7b5dd6801cba2cc383de17d3ed880","0.582","","","","","HTTP/1.1","https://www.massgeneral.org/pathology/","2021-09-21 07:55:11"
"https://www.massgeneral.org/news/press-release/Diet-may-affect-risk-and-severity-of-covid19","text/html; charset=UTF-8","200","OK","Indexable","","Diet may affect risk and severity of COVID-19","45","397","","0","0","","0","Diet may affect risk and severity of COVID-19","45","","0","The Mass General Difference","27","Conditions & Treatments","23","","","","https://www.massgeneral.org/news/press-release/Diet-may-affect-risk-and-severity-of-covid19","","","","","","69870","1136","16.241","2","","19","4","3.920","220","98","15","10","","","","","508933eed67d5ffd1ca843099c944dc7","0.411","","","","","HTTP/1.1","https://www.massgeneral.org/news/press-release/Diet-may-affect-risk-and-severity-of-covid19","2021-09-21 07:55:12"
"https://www.massgeneral.org/news/coronavirus/","text/html; charset=UTF-8","200","OK","Non-Indexable","Canonicalised","Coronavirus (COVID-19)","22","217","If you are experiencing symptoms, please call your primary health care provider. Please do not come to an urgent care clinic or emergency room, unless you have been instructed to do so by your health care provider, for your safety and the safety of others.","256","1590","","0","Coronavirus (COVID-19)","22","","0","The Mass General Difference","27","Conditions & Treatments","23","","","","https://www.massgeneral.org/news/coronavirus","","","","","","88346","760","10.604","2","","126","100","98.040","271","128","16","11","","","","","6e4ff239a7d8b7c44851c2fec5f9ad09","0.327","","","","","HTTP/1.1","https://www.massgeneral.org/news/coronavirus/","2021-09-21 07:55:12"
"https://www.massgeneral.org/locations/","text/html; charset=UTF-8","200","OK","Non-Indexable","Canonicalised","Mass General Locations","22","213","Search Mass General locations in and around the Boston area.","60","392","","0","Mass General Locations","22","","0","The Mass General Difference","27","Conditions & Treatments","23","","","","https://www.massgeneral.org/locations","","","","","","81727","709","10.597","2","","629","100","98.040","263","108","15","10","","","","","5a5cda42480648eadad44073180fda7d","3.066","","","","","HTTP/1.1","https://www.massgeneral.org/locations/","2021-09-21 07:55:09"
"https://www.massgeneral.org/es/internacional/","text/html; charset=UTF-8","200","OK","Non-Indexable","Canonicalised","Servicios internacionales en Mass General","41","375","El Centro para Pacientes Internacionales de Mass General ofrece una atención integral de vanguardia y servicios especializados para pacientes de todo el mundo.","159","1015","","0","Servicios internacionales en Mass General","41","","0","The Mass General Difference","27","Conditions & Treatments","23","","","","https://www.massgeneral.org/es/internacional","","","","","","87512","860","11.338","2","","218","100","98.040","249","107","18","12","","","","","38cbf710394bdb496fba2ee007eb6ca3","0.325","","","","","HTTP/1.1","https://www.massgeneral.org/es/internacional/","2021-09-21 07:55:12"
"https://www.massgeneral.org/visit/accessibility/","text/html; charset=UTF-8","200","OK","Non-Indexable","Canonicalised","Accessibility at Massachusetts General Hospital","47","420","Massachusetts General Hospital is committed to making our facilities and medical services accessible, creating a welcoming environment for all.","143","893","","0","Accessibility at Massachusetts General Hospital","47","","0","The Mass General Difference","27","Conditions & Treatments","23","","","","https://www.massgeneral.org/visit/accessibility","","","","","","79973","931","13.246","2","","230","100","98.040","253","112","17","12","","","","","556467fd86871b18bb99801a0ff72b9a","0.324","","","","","HTTP/1.1","https://www.massgeneral.org/visit/accessibility/","2021-09-21 07:55:13"
"https://www.massgeneral.org/visit/maps-and-directions/","text/html; charset=UTF-8","200","OK","Non-Indexable","Canonicalised","Maps & Directions to the Main Campus","36","344","Massachusetts General Hospital's main campus spans nearly 30 buildings and includes the main hospital, the Lunder Building, the Yawkey Center and the Wang Ambulatory Care Center. The maps on this page will help you plan your visit.","231","1466","","0","Maps & Directions","17","","0","The Mass General Difference","27","Conditions & Treatments","23","","","","https://www.massgeneral.org/visit/maps-and-directions","","","","","","73946","489","9.990","2","","231","100","98.040","248","110","16","11","","","","","b0adce78d68f9ab4ec0c60a342572133","0.278","","","","","HTTP/1.1","https://www.massgeneral.org/visit/maps-and-directions/","2021-09-21 07:55:13"
"https://www.massgeneral.org/cancer-center/radiation-oncology/","text/html; charset=UTF-8","200","OK","Non-Indexable","Canonicalised","Department of Radiation Oncology","32","303","The Massachusetts General Hospital Department of Radiation Oncology is a leader in developing and implementing some of the most innovative and effective radiation therapies in the world.","186","1175","","0","Department of Radiation Oncology","32","","0","The Mass General Difference","27","Conditions & Treatments","23","","","","https://www.massgeneral.org/cancer-center/radiation-oncology","","","","","","84826","716","10.376","2","","223","100","98.040","261","114","19","14","","","","","c0279a4939650698f450bbfdcd876eaf","0.422","","","","","HTTP/1.1","https://www.massgeneral.org/cancer-center/radiation-oncology/","2021-09-21 07:55:13"
"https://www.massgeneral.org/research/about/","text/html; charset=UTF-8","200","OK","Non-Indexable","Canonicalised","About Research at Mass General","30","291","Learn more about the extensive research enterprise at Massachusetts General Hospital, and see how our investigators are working to push the boundaries of science and medicine.","175","1121","","0","Overview of Research","20","","0","The Mass General Difference","27","Conditions & Treatments","23","","","","https://www.massgeneral.org/research/about","","","","","","82679","551","10.023","2","","127","100","98.040","260","119","23","15","","","","","c777585fdb7a8523668424ac00090754","0.605","","","","","HTTP/1.1","https://www.massgeneral.org/research/about/","2021-09-21 07:55:13"
"https://www.massgeneral.org/news/article/transplant-center-substance-use-disorder-policy","text/html; charset=UTF-8","200","OK","Indexable","","Policy and Procedure for Consideration of Candidates with Substance Use Disorders","81","743","To ensure nondiscrimination on the basis of disability in the evaluation of candidates with Substance Use Disorders.","116","719","","0","Policy and Procedure for Consideration of Candidates with Substance Use Disorders","81","","0","The Mass General Difference","27","Conditions & Treatments","23","","","","https://www.massgeneral.org/news/article/transplant-center-substance-use-disorder-policy","","","","","","65486","512","11.176","2","","17","2","1.960","221","99","15","10","","","","","23d33d339c5179bf3d3396e8a604efd","0.651","","","","","HTTP/1.1","https://www.massgeneral.org/news/article/transplant-center-substance-use-disorder-policy","2021-09-21 07:55:13"
"https://www.massgeneral.org/emergency-medicine/","text/html; charset=UTF-8","200","OK","Non-Indexable","Canonicalised","Emergency Medicine","18","186","The Massachusetts General Hospital Department of Emergency Medicine offers full-service, state-of-the-art emergency care around the clock. Our doctors are equipped to handle any medical emergency.","196","1260","","0","Emergency Medicine","18","","0","The Mass General Difference","27","Conditions & Treatments","23","","","","https://www.massgeneral.org/emergency-medicine","","","","","","89011","848","10.853","2","","221","100","98.040","251","108","20","12","","","","","eb36018751751174b05e0328d2dda887","0.650","","","","","HTTP/1.1","https://www.massgeneral.org/emergency-medicine/","2021-09-21 07:55:13"
"https://www.massgeneral.org/visit/coming-to-mass-general/safe-care-commitment","text/html; charset=UTF-8","200","OK","Indexable","","Our Safe Care Commitment","24","245","Massachusetts General Hospital is committed to providing the care you need—and we are taking unprecedented steps to keep you safe.","130","847","","0","Our Safe Care Commitment","24","","0","The Mass General Difference","27","Conditions & Treatments","23","","","","https://www.massgeneral.org/visit/coming-to-mass-general/safe-care-commitment","","","","","","79591","854","12.266","2","","147","100","98.040","249","107","16","11","","","","","978a2d01821000c366ae495965720e02","0.295","","","","","HTTP/1.1","https://www.massgeneral.org/visit/coming-to-mass-general/safe-care-commitment","2021-09-21 07:55:14"
"https://www.massgeneral.org/cancer-center/clinical-trials-and-research/","text/html; charset=UTF-8","200","OK","Non-Indexable","Canonicalised","Clinical Trials and Research","28","249","Integrating compassionate care with leading-edge research ensures that each patient receives the best possible personalized cancer medicine.","140","889","","0","Clinical Trials and Research","28","","0","The Mass General Difference","27","Conditions & Treatments","23","","","","https://www.massgeneral.org/cancer-center/clinical-trials-and-research","","","","","","95223","986","11.502","2","","118","100","98.040","280","139","15","10","","","","","35fb3fa905de81c8490a967fa2aa2b87","0.313","","","","","HTTP/1.1","https://www.massgeneral.org/cancer-center/clinical-trials-and-research/","2021-09-21 07:55:14"
"https://www.massgeneral.org/cn/international/","text/html; charset=UTF-8","200","OK","Non-Indexable","Canonicalised","Mass General | 国际患者中心","21","259","美国麻�?总医院国际患者中心为�?�自世界�?�地的患者�??供最先进的综�?�护�?�和专业�?务。","51","658","","0","面向国际患者的全面服务","11","","0","The Mass General Difference","27","Conditions & Treatments","23","","","","https://www.massgeneral.org/cn/international","","","","","","85043","384","8.794","2","","218","100","98.040","249","108","20","13","","","","","1ed6e6981703510b26d3a426be3fa980","0.323","","","","","HTTP/1.1","https://www.massgeneral.org/cn/international/","2021-09-21 07:55:14"
"https://www.massgeneral.org/pharmacy/","text/html; charset=UTF-8","200","OK","Non-Indexable","Canonicalised","Department of Pharmacy","22","219","We enrich the lives of the diverse community we serve by being accountable for optimal patient outcomes through exceptional pharmacy practice, innovation, education, research and interdisciplinary collaboration.","211","1317","","0","Department of Pharmacy","22","","0","The Mass General Difference","27","Conditions & Treatments","23","","","","https://www.massgeneral.org/pharmacy","","","","","","73083","528","10.113","2","","117","100","98.040","236","100","19","11","","","","","b57d28b78f2cdba95b7e9dffb3ccb510","0.298","","","","","HTTP/1.1","https://www.massgeneral.org/pharmacy/","2021-09-21 07:55:15"
"https://www.massgeneral.org/anesthesia/","text/html; charset=UTF-8","200","OK","Non-Indexable","Canonicalised","Department of Anesthesia","24","227","The Department of Anesthesia, Critical Care and Pain Medicine provides high-quality patient care, conducts innovative research and offers comprehensive educational opportunities.","178","1123","","0","Anesthesia, Critical Care and Pain Medicine","43","","0","The Mass General Difference","27","Conditions & Treatments","23","","","","https://www.massgeneral.org/anesthesia","","","","","","92880","764","9.844","2","","218","100","98.040","264","122","19","14","","","","","758b964dde63404dfcd1f1774a9c30f","0.395","","","","","HTTP/1.1","https://www.massgeneral.org/anesthesia/","2021-09-21 07:55:14"
"https://www.massgeneral.org/contact/","text/html; charset=UTF-8","200","OK","Non-Indexable","Canonicalised","Contact Us","10","98","Search the Massachusetts General Hospital directory or find a doctor, department, media contact or other hospital service.","122","762","","0","Contact Mass General","20","","0","The Mass General Difference","27","Conditions & Treatments","23","","","","https://www.massgeneral.org/contact","","","","","","70892","590","10.908","2","","331","100","98.040","228","99","15","10","","","","","4d085de3763f56688b585470f9d5668","0.254","","","","","HTTP/1.1","https://www.massgeneral.org/contact/","2021-09-21 07:55:15"
"https://www.massgeneral.org/about/leadership","text/html; charset=UTF-8","200","OK","Indexable","","Leadership","10","99","Massachusetts General Hospital's leadership team is guided by the hospital's mission to deliver excellence in patient care, advance that care through innovative research and education and improve the health and well-being of the diverse communities we serve.","258","1615","","0","Leadership","10","","0","The Mass General Difference","27","Conditions & Treatments","23","","","","https://www.massgeneral.org/about/leadership","","","","","","69543","724","12.031","2","","323","100","98.040","242","114","15","10","","","","","b133944a7c9a1bc332c1933a3851acd0","0.281","","","","","HTTP/1.1","https://www.massgeneral.org/about/leadership","2021-09-21 07:55:15"
"https://www.massgeneral.org/research/support/","text/html; charset=UTF-8","200","OK","Non-Indexable","Canonicalised","Support the Mass General Research Institute","43","395","When you support the Research Institute, you are making a significant impact to advancing patient care, research and education at the hospital.","143","892","","0","Support the Mass General Research Institute","43","","0","The Mass General Difference","27","Conditions & Treatments","23","","","","https://www.massgeneral.org/research/support","","","","","","86374","666","10.349","2","","233","100","98.040","273","126","22","14","","","","","bfc9260e8b6419bfbf0751beea80de4c","0.311","","","","","HTTP/1.1","https://www.massgeneral.org/research/support/","2021-09-21 07:55:15"
"https://www.massgeneral.org/about/","text/html; charset=UTF-8","200","OK","Non-Indexable","Canonicalised","About Massachusetts General Hospital","36","341","Mass General is the #1 research hospital in America and has the largest hospital based research program in the U.S.","115","725","","0","The Mass General Difference","27","","0","The Mass General Difference","27","Conditions & Treatments","23","","","","https://www.massgeneral.org/about","","","","","","86310","1525","16.020","2","","337","100","98.040","252","109","27","21","","","","","eba8d549f66886df56ea7b1ad0b1dce5","0.375","","","","","HTTP/1.1","https://www.massgeneral.org/about/","2021-09-21 07:55:15"
"https://www.massgeneral.org/news/","text/html; charset=UTF-8","200","OK","Non-Indexable","Canonicalised","Mass General News","17","177","Read the latest news from Massachusetts General Hospital","56","369","","0","Mass General News","17","","0","The Mass General Difference","27","Conditions & Treatments","23","","","","https://www.massgeneral.org/news","","","","","","80306","728","10.222","2","","320","100","98.040","241","109","24","14","","","","","1f79eb297c2e746e208f8990e6fa8333","0.517","","","","","HTTP/1.1","https://www.massgeneral.org/news/","2021-09-21 07:55:15"
"https://www.massgeneral.org/notices/terms-of-use","text/html; charset=UTF-8","200","OK","Indexable","","Terms of Use","12","119","The Massachusetts General Hospital website is intended to provide general educational information and to help users more easily access information about health care services at Mass General.","190","1206","","0","Terms of Use","12","","0","The Mass General Difference","27","Conditions & Treatments","23","","","","https://www.massgeneral.org/notices/terms-of-use","","","","","","62844","387","10.094","2","","217","100","98.040","219","96","15","10","","","","","ae9e21aaa3f8e9e53a1d729542685fb","0.289","","","","","HTTP/1.1","https://www.massgeneral.org/notices/terms-of-use","2021-09-21 07:55:16"
"https://www.massgeneral.org/doctors/","text/html; charset=UTF-8","200","OK","Non-Indexable","Canonicalised","Find a Mass General Doctor or Specialist","40","360","Find a doctor at Mass General. Search our online physician directory by specialty, location, gender and languages spoken, and find contact information.","151","939","","0","Find a Mass General Doctor","26","","0","The Mass General Difference","27","Conditions & Treatments","23","","","","https://www.massgeneral.org/doctors","","","","","","242679","483","6.524","2","","343","100","98.040","235","106","15","10","","","","","1f02f1371703c5afb75f2f26138bfc0","0.547","","","","","HTTP/1.1","https://www.massgeneral.org/doctors/","2021-09-21 07:55:16"
"https://www.massgeneral.org/visit/coming-to-mass-general/in-person-visits","text/html; charset=UTF-8","200","OK","Indexable","","In-Person Visits: What to Expect","32","283","Even during COVID-19, it is important to get the care you need for your health conditions—whatever they may be. Massachusetts General Hospital physicians, nurses and staff are ready to provide you with exceptional care. Your health is our number one priority.","259","1625","","0","In-Person Visits: What to Expect","32","","0","The Mass General Difference","27","Conditions & Treatments","23","","","","https://www.massgeneral.org/visit/coming-to-mass-general/in-person-visits","","","","","","82978","1141","13.907","2","","137","100","98.040","258","109","18","13","","","","","ead70a856e06d6af52d6fa15d1c462c1","0.356","","","","","HTTP/1.1","https://www.massgeneral.org/visit/coming-to-mass-general/in-person-visits","2021-09-21 07:55:16"
"https://www.massgeneral.org/visit/coming-to-mass-general/","text/html; charset=UTF-8","200","OK","Non-Indexable","Canonicalised","Coming to Mass General","22","219","We are ready to care for you—whatever your health care needs may be. We are committed to providing the very best and safest care possible.","138","893","","0","Coming to Mass General","22","","0","The Mass General Difference","27","Conditions & Treatments","23","","","","https://www.massgeneral.org/visit/coming-to-mass-general","","","","","","88539","832","10.824","2","","41","18","17.650","264","108","20","13","","","","","f486c7c49b16da40517df3492223d591","0.346","","","","","HTTP/1.1","https://www.massgeneral.org/visit/coming-to-mass-general/","2021-09-21 07:55:17"
"https://www.massgeneral.org/dermatology/","text/html; charset=UTF-8","200","OK","Non-Indexable","Canonicalised","Department of Dermatology","25","242","The Mass General Department of Dermatology is a full service center of dermatologic excellence.","95","603","","0","Mass General Dermatology","24","","0","The Mass General Difference","27","Conditions & Treatments","23","","","","https://www.massgeneral.org/dermatology","","","","","","93433","891","10.855","2","","220","100","98.040","273","131","15","10","","","","","89261e43ad2d8dd12165469f09811a7f","0.494","","","","","HTTP/1.1","https://www.massgeneral.org/dermatology/","2021-09-21 07:55:17"
"https://www.massgeneral.org/surgery/","text/html; charset=UTF-8","200","OK","Non-Indexable","Canonicalised","Department of Surgery","21","200","The Department of Surgery at Massachusetts General Hospital provides expert, personalized care and performs innovative research to improve the quality, safety and outcomes of surgery.","183","1166","","0","Department of Surgery","21","","0","The Mass General Difference","27","Conditions & Treatments","23","","","","https://www.massgeneral.org/surgery","","","","","","97769","986","10.677","2","","220","100","98.040","266","124","19","13","","","","","49f4b784c03825dfc8d9290aec0f302e","0.364","","","","","HTTP/1.1","https://www.massgeneral.org/surgery/","2021-09-21 07:55:17"
"https://www.massgeneral.org/imaging/","text/html; charset=UTF-8","200","OK","Non-Indexable","Canonicalised","Mass General Imaging","20","199","Mass General Imaging is one of the world's premier medical imaging facilities. We provide comprehensive diagnostic imaging services using the latest imaging technology and specialized expertise to care for Mass General patients.","228","1429","","0","Imaging","7","","0","The Mass General Difference","27","Conditions & Treatments","23","","","","https://www.massgeneral.org/imaging","","","","","","88747","720","9.879","2","","220","100","98.040","260","121","20","15","","","","","21f8e909f78274a8a0c4c831b7ee32b3","0.346","","","","","HTTP/1.1","https://www.massgeneral.org/imaging/","2021-09-21 07:55:17"
"https://www.massgeneral.org/health-care-professionals/","text/html; charset=UTF-8","200","OK","Non-Indexable","Canonicalised","Health Care Professionals","25","229","Explore Massachusetts General Hospital’s resources, news and educational opportunities for medical professionals.","113","720","","0","Health Care Professionals","25","","0","The Mass General Difference","27","Conditions & Treatments","23","","","","https://www.massgeneral.org/health-care-professionals","","","","","","74921","620","10.567","2","","17","2","1.960","237","104","16","11","","","","","293dccf6d2089c229d08ef945905123c","0.287","","","","","HTTP/1.1","https://www.massgeneral.org/health-care-professionals/","2021-09-21 07:55:17"
"https://www.massgeneral.org/news/coronavirus","text/html; charset=UTF-8","200","OK","Indexable","","Coronavirus (COVID-19)","22","217","If you are experiencing symptoms, please call your primary health care provider. Please do not come to an urgent care clinic or emergency room, unless you have been instructed to do so by your health care provider, for your safety and the safety of others.","256","1590","","0","Coronavirus (COVID-19)","22","","0","The Mass General Difference","27","Conditions & Treatments","23","","","","https://www.massgeneral.org/news/coronavirus","","","","","","88346","760","10.604","2","","119","100","98.040","271","128","16","11","","","","","6e4ff239a7d8b7c44851c2fec5f9ad09","0.322","","","","","HTTP/1.1","https://www.massgeneral.org/news/coronavirus","2021-09-21 07:55:17"
"https://www.massgeneral.org/visit/coming-to-mass-general","text/html; charset=UTF-8","200","OK","Indexable","","Coming to Mass General","22","219","We are ready to care for you—whatever your health care needs may be. We are committed to providing the very best and safest care possible.","138","893","","0","Coming to Mass General","22","","0","The Mass General Difference","27","Conditions & Treatments","23","","","","https://www.massgeneral.org/visit/coming-to-mass-general","","","","","","88539","832","10.824","2","","125","100","98.040","264","108","20","13","","","","","f486c7c49b16da40517df3492223d591","0.312","","","","","HTTP/1.1","https://www.massgeneral.org/visit/coming-to-mass-general","2021-09-21 07:55:18"
"https://www.massgeneral.org/research/news/","text/html; charset=UTF-8","200","OK","Non-Indexable","Canonicalised","Research News and Media","23","237","Learn more about recent research advances from investigators at Massachusetts General Hospital.","95","619","","0","News and Events","15","","0","The Mass General Difference","27","Conditions & Treatments","23","","","","https://www.massgeneral.org/research/news","","","","","","94232","750","10.047","2","","228","100","98.040","263","127","36","23","","","","","92b6f7779f631b1ef9575fef9351bb05","0.382","","","","","HTTP/1.1","https://www.massgeneral.org/research/news/","2021-09-21 07:55:18"
"https://www.massgeneral.org/children/","text/html; charset=UTF-8","200","OK","Non-Indexable","Canonicalised","MassGeneral Hospital for Children","33","303","MGHfC provides a full spectrum of care — from primary care to a broad range of specialty and subspecialty pediatric services — for newborns, children and adolescents from New England and around the world.","204","1298","MGHfC,main,page,treatment,options,about,us,overview,patients,families,healthcare,contact","88","MassGeneral Hospital for Children","33","","0","The Mass General Difference","27","Conditions & Treatments","23","","","","https://www.massgeneral.org/children","","","","","","96945","1058","11.164","2","","420","100","98.040","264","127","18","13","","","","","5ec51c34296e266248607394a63c45","0.432","","","","","HTTP/1.1","https://www.massgeneral.org/children/","2021-09-21 07:55:18"
"https://www.massgeneral.org/conditions-and-treatments/browse","text/html; charset=UTF-8","200","OK","Indexable","","Browse Conditions and Treatments","32","309","Search through all conditions and treatments at Massachusetts General Hospital by using the search field and filters.","117","721","","0","Conditions and Treatments","25","","0","The Mass General Difference","27","Conditions & Treatments","23","","","","https://www.massgeneral.org/conditions-and-treatments/browse","","","","","","77578","646","10.759","2","","153","100","98.040","264","104","15","10","","","","","c0268d149dd3e470296b173918149ee0","0.154","","","","","HTTP/1.1","https://www.massgeneral.org/conditions-and-treatments/browse","2021-09-21 07:55:19"
"https://www.massgeneral.org/medicine/","text/html; charset=UTF-8","200","OK","Non-Indexable","Canonicalised","Department of Medicine","22","210","The Massachusetts General Hospital Department of Medicine offers innovative, high-quality medical care, trains future medical leaders, and produces research that advances science and improves care.","197","1253","","0","Department of Medicine","22","","0","The Mass General Difference","27","Conditions & Treatments","23","","","","https://www.massgeneral.org/medicine","","","","","","87237","840","11.080","2","","226","100","98.040","258","116","20","12","","","","","a4bb11f013006ff768a5acbebc6110e1","0.353","","","","","HTTP/1.1","https://www.massgeneral.org/medicine/","2021-09-21 07:55:18"
"https://www.massgeneral.org/appointments-and-referrals/","text/html; charset=UTF-8","200","OK","Non-Indexable","Canonicalised","Appointments & Referrals at Mass General","40","375","Request an appointment or second opinion, refer a patient, find a doctor or view test results with Massachusetts General Hospital’s secure online services.","155","962","","0","Appointments & Referrals","24","","0","The Mass General Difference","27","Conditions & Treatments","23","","","","https://www.massgeneral.org/appointments-and-referrals","","","","","","75303","726","11.302","2","","423","100","98.040","231","99","17","11","","","","","d83f1e12dfbd3a37d762be6da7532c46","0.275","","","","","HTTP/1.1","https://www.massgeneral.org/appointments-and-referrals/","2021-09-21 07:55:19"
"https://www.massgeneral.org/visit/","text/html; charset=UTF-8","200","OK","Non-Indexable","Canonicalised","Patient & Visitor Information","29","243","Plan your visit to Massachusetts General Hospital's main campus, which spans nearly 30 buildings housing inpatient and ambulatory care services as well as research labs and administrative offices.","196","1228","","0","Massachusetts General Hospital Patient & Visitor Information","60","","0","The Mass General Difference","27","Conditions & Treatments","23","","","","https://www.massgeneral.org/visit","","","","","","86318","731","10.587","2","","430","100","98.040","256","108","18","13","","","","","4696f425c66d6fa968fe3dcc5fd4d0fc","0.255","","","","","HTTP/1.1","https://www.massgeneral.org/visit/","2021-09-21 07:55:19"
"https://www.massgeneral.org/locations/urgent-access-center","text/html; charset=UTF-8","200","OK","Indexable","","Primary Care Urgent Access Center at Mass General","49","465","The Primary Care Urgent Access Center at Massachusetts General Hospital, an alternative to the emergency room, provides a same-day urgent care option for patients 18 and over who are unable to see their regular physician, are without a regular physician or are visiting the Boston area.","286","1798","","0","Primary Care Urgent Access Center","33","","0","The Mass General Difference","27","Conditions & Treatments","23","","","","https://www.massgeneral.org/locations/urgent-access-center","","","","","","72368","891","13.230","2","","217","100","98.040","223","96","16","11","","","","","b43af6950aa1daf866d16b28bc8dcc76","0.282","","","","","HTTP/1.1","https://www.massgeneral.org/locations/urgent-access-center","2021-09-21 07:55:19"
"https://www.massgeneral.org/visit/visiting-patients/","text/html; charset=UTF-8","200","OK","Non-Indexable","Canonicalised","Visiting Patients","17","141","Massachusetts General Hospital understands that visits from family members and friends are an important part of the healing process. Learn what you need to know before visiting patients at Mass General.","202","1272","","0","Visiting Patients at Massachusetts General Hospital","51","","0","The Mass General Difference","27","Conditions & Treatments","23","","","","https://www.massgeneral.org/visit/visiting-patients","","","","","","96286","3008","24.120","2","","240","100","98.040","254","111","17","12","","","","","d14864cd40897f218007ca248078ef9a","0.325","","","","","HTTP/1.1","https://www.massgeneral.org/visit/visiting-patients/","2021-09-21 07:55:19"
"https://www.massgeneral.org/research/","text/html; charset=UTF-8","200","OK","Non-Indexable","Canonicalised","Mass General Research Institute","31","287","Research at Massachusetts General Hospital began over 200 years ago. Today, the Mass General Research Institute is home to the largest hospital-based research program in the United States.","188","1211","","0","","0","","0","The Mass General Difference","27","Conditions & Treatments","23","","","","https://www.massgeneral.org/research","","","","","","74816","335","9.088","2","","235","100","98.040","249","115","21","14","","","","","f3af763d1d5a2ca47cfb2924b277187e","0.305","","","","","HTTP/1.1","https://www.massgeneral.org/research/","2021-09-21 07:55:20"
"https://www.massgeneral.org/nursing-patientcare/","text/html; charset=UTF-8","200","OK","Non-Indexable","Canonicalised","Nursing & Patient Care Services","31","285","Nursing & Patient Care Services (PCS) at Massachusetts General Hospital works hospital-wide to deliver the highest quality patient care and excellence in clinical practice.","172","1063","","0","Nursing & Patient Care Services","31","","0","The Mass General Difference","27","Conditions & Treatments","23","","","","https://www.massgeneral.org/nursing-patientcare","","","","","","73550","475","9.596","2","","217","100","98.040","234","104","19","12","","","","","99c9d65fbe8be99d058bfe339ec05e0c","0.299","","","","","HTTP/1.1","https://www.massgeneral.org/nursing-patientcare/","2021-09-21 07:55:20"
"https://www.massgeneral.org/visit/parking-and-shuttles/parking","text/html; charset=UTF-8","200","OK","Indexable","","Parking at the Mass General Main Campus","39","379","Mass General offers affordble parking options near the main campus.","67","428","","0","Parking at Mass General","23","","0","The Mass General Difference","27","Conditions & Treatments","23","","","","https://www.massgeneral.org/visit/parking-and-shuttles/parking","","","","","","78924","1155","14.481","2","","230","100","98.040","251","108","20","15","","","","","2f465078aa8abc6ec55f96a21a1e8d0e","0.348","","","","","HTTP/1.1","https://www.massgeneral.org/visit/parking-and-shuttles/parking","2021-09-21 07:55:20"
"https://www.massgeneral.org/urology/","text/html; charset=UTF-8","200","OK","Non-Indexable","Canonicalised","Department of Urology","21","199","The Department of Urology at Mass General is dedicated to clinical excellence in urologic care. We offer cutting-edge, patient-focused treatments for male genitourinary tract and female urinary tract disorders.","210","1289","","0","Urology","7","","0","The Mass General Difference","27","Conditions & Treatments","23","","","","https://www.massgeneral.org/urology","","","","","","85546","750","10.462","2","","323","100","98.040","251","109","19","13","","","","","fa26bb7e8ef26f327cf8208a8db24861","0.332","","","","","HTTP/1.1","https://www.massgeneral.org/urology/","2021-09-21 07:55:20"
"https://www.massgeneral.org/community-health/cchi/news/lhhm-message-from-joseph-betancourt-md","text/html; charset=UTF-8","200","OK","Indexable","","Latino/a/x Hispanic Heritage Month: A Message from Joseph R. Betancourt, MD","75","699","September 15 marks the beginning of Latino/a/x Hispanic Heritage Month (LHHM), a celebration of Latin American people across the United States.","143","912","","0","Latino/a/x Hispanic Heritage Month: A Message from Joseph R. Betancourt, MD","75","","0","The Mass General Difference","27","Conditions & Treatments","23","","","","https://www.massgeneral.org/community-health/cchi/news/lhhm-message-from-joseph-betancourt-md","","","","","","74074","636","11.281","2","","19","4","3.920","240","117","15","10","","","","","ecb25bb51ac5d49b77d5e118215af34","0.481","","","","","HTTP/1.1","https://www.massgeneral.org/community-health/cchi/news/lhhm-message-from-joseph-betancourt-md","2021-09-21 07:55:20"
"https://www.massgeneral.org/visit/coming-to-mass-general/faqs","text/html; charset=UTF-8","200","OK","Indexable","","FAQS: Coming to Mass General","28","283","At Massachusetts General Hospital, our dedicated physicians, nurses and staff are committed to providing the best possible specialty care—safely and effectively.","161","1008","","0","FAQs: Coming to Mass General","28","","0","The Mass General Difference","27","Conditions & Treatments","23","","","","https://www.massgeneral.org/visit/coming-to-mass-general/faqs","","","","","","93475","2192","19.071","2","","141","100","98.040","265","113","20","15","","","","","dcce585269429d13c871e5dcfd7d0282","0.392","","","","","HTTP/1.1","https://www.massgeneral.org/visit/coming-to-mass-general/faqs","2021-09-21 07:55:20"
"https://www.massgeneral.org/services/patient-gateway","text/html; charset=UTF-8","200","OK","Indexable","","Patient Gateway","15","143","Patient Gateway provides secure online access to your health information whenever you need it. Check upcoming appointments, communicate with your doctor’s office, review medications and pay medical bills—all seamlessly online 24/7.","231","1473","","0","Patient Gateway","15","","0","The Mass General Difference","27","Conditions & Treatments","23","","","","https://www.massgeneral.org/services/patient-gateway","","","","","","71249","930","13.603","2","","318","100","98.040","220","95","26","16","","","","","d58b387d3ae4489d2c9173d1a243f68a","0.324","","","","","HTTP/1.1","https://www.massgeneral.org/services/patient-gateway","2021-09-21 07:55:21"
"https://www.massgeneral.org/visit/visit-boston/","text/html; charset=UTF-8","200","OK","Non-Indexable","Canonicalised","Visiting Boston","15","131","Massachusetts General Hospital is centrally located in Boston, Massachusetts' West End neighborhood, near Beacon Hill, on the Charles River.","140","893","","0","Visiting Boston","15","","0","The Mass General Difference","27","Conditions & Treatments","23","","","","https://www.massgeneral.org/visit/visit-boston","","","","","","80087","778","11.461","2","","132","100","98.040","254","111","34","29","","","","","1d45165dac117a750bd6301795bebb21","0.359","","","","","HTTP/1.1","https://www.massgeneral.org/visit/visit-boston/","2021-09-21 07:55:21"
"https://www.massgeneral.org/research/about/contact-information","text/html; charset=UTF-8","200","OK","Indexable","","Contact Information","19","171","Contact information for research administration and other key offices and support services within the Mass General Research Institute.","134","837","","0","Contact Information","19","","0","The Mass General Difference","27","Conditions & Treatments","23","","","","https://www.massgeneral.org/research/about/contact-information","","","","","","84725","788","11.954","2","","142","100","98.040","262","123","30","22","","","","","30c33e695a96d80959fd3a92f3a891f6","0.320","","","","","HTTP/1.1","https://www.massgeneral.org/research/about/contact-information","2021-09-21 07:55:21"
"https://www.massgeneral.org/digestive/","text/html; charset=UTF-8","200","OK","Non-Indexable","Canonicalised","Digestive Healthcare Center","27","247","From swallowing conditions to colorectal diseases, we provide specialized multidisciplinary expertise that span innovations in research, diagnostics and patient care.","166","1021","","0","Digestive Healthcare Center","27","","0","The Mass General Difference","27","Conditions & Treatments","23","","","","https://www.massgeneral.org/digestive","","","","","","88196","896","11.487","2","","323","100","98.040","266","115","19","13","","","","","bac2ad0b186bf9c6d8cffdfd910fe148","0.410","","","","","HTTP/1.1","https://www.massgeneral.org/digestive/","2021-09-21 07:55:22"
"https://www.massgeneral.org/social-service/","text/html; charset=UTF-8","200","OK","Non-Indexable","Canonicalised","Social Service","14","125","The Social Service Department at Massachusetts General Hospital helps patient and families cope with medical, mental health and social challenges.","146","923","","0","Social Service","14","","0","The Mass General Difference","27","Conditions & Treatments","23","","","","https://www.massgeneral.org/social-service","","","","","","74117","499","9.841","2","","217","100","98.040","236","109","15","10","","","","","d353aba8c1f9a52b44fc2dd3ffa4edda","0.379","","","","","HTTP/1.1","https://www.massgeneral.org/social-service/","2021-09-21 07:55:22"
"https://www.massgeneral.org/neuroscience/","text/html; charset=UTF-8","200","OK","Non-Indexable","Canonicalised","Neuroscience","12","121","Mass General Neuroscience brings together the Departments of Neurology, Neurosurgery and Psychiatry, to advance medical breakthroughs to our patients.","150","970","","0","Mass General Neuroscience","25","","0","The Mass General Difference","27","Conditions & Treatments","23","","","","https://www.massgeneral.org/neuroscience","","","","","","94216","904","10.501","2","","129","100","98.040","268","120","16","11","","","","","46dc2c58c19f2e0ecd23bf92fadc1b32","0.595","","","","","HTTP/1.1","https://www.massgeneral.org/neuroscience/","2021-09-21 07:55:22"
"https://www.massgeneral.org/conditions-and-treatments/browse?Text=*&PageType=treatment","text/html; charset=UTF-8","200","OK","Indexable","","Browse Conditions and Treatments","32","309","Search through all conditions and treatments at Massachusetts General Hospital by using the search field and filters.","117","721","","0","Conditions and Treatments","25","","0","The Mass General Difference","27","Conditions & Treatments","23","","","","https://www.massgeneral.org/conditions-and-treatments/browse?Text=*&PageType=treatment","","","","","","77630","646","10.751","2","","253","100","98.040","264","104","15","10","","","","","a9fb4950985bb0e87e5cf6c95ed57292","0.147","","","","","HTTP/1.1","https://www.massgeneral.org/conditions-and-treatments/browse?Text=*&PageType=treatment","2021-09-21 07:55:22"
"https://www.massgeneral.org/notices/privacy/websiteprivacy","text/html; charset=UTF-8","200","OK","Indexable","","Website Privacy","15","143","At Massachusetts General Hospital, we are committed to protecting the privacy and security of visitors to our website. This website privacy policy (“Privacy Policy”) will tell you what information we collect, how it is used and your options as you interact with our website. By using this website, you agree to this policy. Please read the following carefully before using the website.","385","2332","","0","","0","","0","The Mass General Difference","27","Conditions & Treatments","23","","","","https://www.massgeneral.org/notices/privacy/websiteprivacy","","","","","","62388","331","9.494","2","","117","100","98.040","215","93","15","10","","","","","5f868d1ff23d2bf2928f72a08ea93e87","0.283","","","","","HTTP/1.1","https://www.massgeneral.org/notices/privacy/websiteprivacy","2021-09-21 07:55:22"
"https://www.massgeneral.org/vascular-center/","text/html; charset=UTF-8","200","OK","Non-Indexable","Canonicalised","Fireman Vascular Center","23","219","The Fireman Vascular Center at Massachusetts General Hospital is one of the only vascular centers in the country with specialists in every area of vascular disease.","164","1025","","0","Vascular Center","15","","0","The Mass General Difference","27","Conditions & Treatments","23","","","","https://www.massgeneral.org/vascular-center","","","","","","97029","956","10.642","2","","217","100","98.040","268","120","20","14","","","","","989ae9155f90791fa86d384559796b2b","0.625","","","","","HTTP/1.1","https://www.massgeneral.org/vascular-center/","2021-09-21 07:55:22"
"https://www.massgeneral.org/otolaryngology/","text/html; charset=UTF-8","200","OK","Non-Indexable","Canonicalised","Otolaryngology (ENT) at Mass General","36","342","The Department of Otolaryngology (ENT), a collaboration between Massachusetts General Hospital and Massachusetts Eye and Ear, offers patients world-leading care of the ear, nose, throat, head and neck.","201","1285","","0","Department of Otolaryngology–Head and Neck Surgery (ENT)","56","","0","The Mass General Difference","27","Conditions & Treatments","23","","","","https://www.massgeneral.org/otolaryngology","","","","","","66614","591","11.429","2","","216","100","98.040","217","94","18","13","","","","","ecf77ddfb4d4e9c79141725047408ed8","0.285","","","","","HTTP/1.1","https://www.massgeneral.org/otolaryngology/","2021-09-21 07:55:23"
"https://www.massgeneral.org/conditions-and-treatments/browse?Text=*&PageType=condition","text/html; charset=UTF-8","200","OK","Indexable","","Browse Conditions and Treatments","32","309","Search through all conditions and treatments at Massachusetts General Hospital by using the search field and filters.","117","721","","0","Conditions and Treatments","25","","0","The Mass General Difference","27","Conditions & Treatments","23","","","","https://www.massgeneral.org/conditions-and-treatments/browse?Text=*&PageType=condition","","","","","","77630","646","10.751","2","","253","100","98.040","264","104","15","10","","","","","d9d802fbbf566440306338018bb77474","0.133","","","","","HTTP/1.1","https://www.massgeneral.org/conditions-and-treatments/browse?Text=*&PageType=condition","2021-09-21 07:55:23"
"https://www.massgeneral.org/surgery/trauma-center/","text/html; charset=UTF-8","200","OK","Non-Indexable","Canonicalised","Trauma Center","13","133","The Mass General Trauma Center is accredited as a Level 1 Center for adult and pediatric trauma. Our cross-specialty team provides expert care for urgent needs and is prepared for all arrivals.","193","1201","","0","Trauma Center","13","","0","The Mass General Difference","27","Conditions & Treatments","23","","","","https://www.massgeneral.org/surgery/trauma-center","","","","","","78304","672","10.504","2","","220","100","98.040","245","106","19","13","","","","","31e7f5501164505f15b60d9c5a4dd1b6","0.311","","","","","HTTP/1.1","https://www.massgeneral.org/surgery/trauma-center/","2021-09-21 07:55:23"
"https://giving.massgeneral.org/donate","text/html; charset=utf-8","200","OK","Indexable","","Make a Gift to Mass General","27","249","With a gift to Mass General Hospital today, you can have an immediate impact on the lives of patients and ensure a healthy future for everyone we take care of at home and abroad. Thank you!
Your support of the MGH Fund today will be matched by a generous anonymous donor, up to $100,000 through September 30.
","309","1978","","0","Make a Gift to Mass General","27","Payment","7","Together we can shape the future of health care.","48","","0","","","","","","","","","","580677","269","1.015","2","","305","102","100.000","30","24","6","6","","","","","f0a91ec6b7a723800e7cdd21cb4fab9e","0.249","","","","","HTTP/1.1","https://giving.massgeneral.org/donate","2021-09-21 07:55:09"
"http://apollo.massgeneral.org/","text/html","302","Object Moved","Non-Indexable","Redirected","","0","0","","0","0","","0","","0","","0","","0","","0","","","","","","","","","","0","0","0.000","2","","200","100","98.040","0","0","0","0","","","","","","0.054","","https://partnershealthcare.okta.com/app/partnershealthcare_apollomassgeneralorg_1/exket7anh7QDCQTJD296/sso/saml?SAMLRequest=fJLLbsIwEEV%2FJfKevMorFolEiapSUZVC2kU3aAiTh0js1ONUfH5NQiUqIXa2Zube6zOeEdRVw%2BetLsQGv1skbZ3qShDvCiFrleASqCQuoEbiOuXb%2BeuK%2B7bLGyW1TGXFrDkRKl1KsZCC2hrVFtVPmeLHZhWyQuuGOw40sqqkXQNRjgIVVLZUuZPmpXP2AhOBWbEJUAo4S%2FWDZCYbUNoMUIFQ6SIFhbY8arBTWRvV5kZ915tdeRmrnefg6Yh6AqKYvMeL9%2BQl9oOxQyS7BMx6kirFjkXIMqgImbWMQ7bLpvtgnw79CQYBgD%2FOptkwGJvTw8HLsuzcRtTiUpAGoUPmu743cIOB7yWex0cj7rtfzFpfcD2W4lCK%2FD7bfd9E%2FDlJ1oP12zZh1qd5YwfGNLBods7MO2N1tbP7sgZIvygW%2FdG9vZdZh%2BQiH%2FW3%2F%2F8k%2Bh0A&RelayState=bnNfcG9saWN5PWFwb2xsby5tYXNzZ2VuZXJhbC5vcmdfc2FtbC1zZXJ2ZXIAaHR0cDovL2Fwb2xsby5tYXNzZ2VuZXJhbC5vcmcv","HTTP Redirect","","HTTP/1.1","http://apollo.massgeneral.org/","2021-09-21 07:55:24"
"https://www.massgeneral.org/notices/billing","text/html; charset=UTF-8","200","OK","Indexable","","Billing, Insurance & Financial Assistance","41","357","Massachusetts General Hospital is dedicated to ensuring patients understand the hospital's billing and insurance policies and financial assistance options.","155","953","","0","Billing, Insurance & Financial Assistance","41","","0","The Mass General Difference","27","Conditions & Treatments","23","","","","https://www.massgeneral.org/notices/billing","","","","","","65105","615","12.043","2","","219","100","98.040","225","100","16","11","","","","","62fe210639e65b0a0ece683f9b782952","0.337","","","","","HTTP/1.1","https://www.massgeneral.org/notices/billing","2021-09-21 07:55:23"
"https://www.massgeneral.org/obgyn/","text/html; charset=UTF-8","200","OK","Non-Indexable","Canonicalised","Obstetrics & Gynecology","23","218","The Department of Obstetrics and Gynecology at Massachusetts General Hospital has advanced the science and the quality of care for women since 1891.","148","965","","0","Department of Obstetrics & Gynecology","37","","0","The Mass General Difference","27","Conditions & Treatments","23","","","","https://www.massgeneral.org/obgyn","","","","","","104692","1006","10.836","2","","217","100","98.040","293","135","20","13","","","","","c3751e03c33f7ece39a54dd18abbafb0","0.448","","","","","HTTP/1.1","https://www.massgeneral.org/obgyn/","2021-09-21 07:55:23"
"https://www.massgeneral.org/research/researchers-laboratories/","text/html; charset=UTF-8","200","OK","Non-Indexable","Canonicalised","Research Departments and Centers","32","317","A listing of research departments and centers at Massachusetts General Hospital.","80","507","","0","Research Departments, Centers and Programs","42","","0","The Mass General Difference","27","Conditions & Treatments","23","","","","https://www.massgeneral.org/research/researchers-laboratories","","","","","","80154","424","9.333","2","","228","100","98.040","258","118","24","14","","","","","54a064f62a95734e0a192a525aa6647c","0.288","","","","","HTTP/1.1","https://www.massgeneral.org/research/researchers-laboratories/","2021-09-21 07:55:24"
"https://www.massgeneral.org/ar/international/","text/html; charset=UTF-8","200","OK","Non-Indexable","Canonicalised","مركز المرضى الدوليين","20","149","يقدم مركز المرضى الدوليين �?ي مستش�?ى ماساتشوستس العام رعاية شاملة متطورة وخدمات م�?كرّسة للمرضى من جميع أنحاء العالم.","118","625","","0","مستشفى ماساتشوستس العام","23","","0","The Mass General Difference","27","Conditions & Treatments","23","","","","https://www.massgeneral.org/ar/international","","","","","","86772","725","10.479","2","","119","100","98.040","249","106","18","12","","","","","c1a491d461c8d04e097a8618d71b4965","0.299","","","","","HTTP/1.1","https://www.massgeneral.org/ar/international/","2021-09-21 07:55:24"
"https://www.massgeneral.org/careers/","text/html; charset=UTF-8","200","OK","Non-Indexable","Canonicalised","Career Opportunities","20","184","Explore job openings at Massachusetts General Hospital.","55","355","","0","Careers at Mass General","23","","0","The Mass General Difference","27","Conditions & Treatments","23","","","","https://www.massgeneral.org/careers","","","","","","89803","824","10.255","2","","230","100","98.040","261","109","29","16","","","","","f7a08664e5cb5814bdaff65faf583147","0.326","","","","","HTTP/1.1","https://www.massgeneral.org/careers/","2021-09-21 07:55:24"
"https://www.massgeneral.org/research/innovation-programs/","text/html; charset=UTF-8","200","OK","Non-Indexable","Canonicalised","Innovation Programs","19","182","Massachusetts General Hospital investigators are developing creative new ways to improve the delivery of healthcare, reduce disparities and lower the cost of care.","163","1021","","0","Innovation Programs","19","","0","The Mass General Difference","27","Conditions & Treatments","23","","","","https://www.massgeneral.org/research/innovation-programs","","","","","","85724","649","10.611","2","","227","100","98.040","260","118","34","18","","","","","bcb29a2d821be9ad72e3983e1663dfc2","0.352","","","","","HTTP/1.1","https://www.massgeneral.org/research/innovation-programs/","2021-09-21 07:55:24"
"https://www.massgeneral.org/patient-experience/","text/html; charset=UTF-8","200","OK","Non-Indexable","Canonicalised","Patient Experience at Mass General","34","315","Guided by the needs of our patients, Massachusetts General Hospital delivers exceptional, patient-centered care grounded in leading research, advanced treatment offerings and the latest clinical trials.","202","1245","","0","Patient Experience at Mass General","34","","0","The Mass General Difference","27","Conditions & Treatments","23","","","","https://www.massgeneral.org/patient-experience","","","","","","88728","1041","11.999","2","","216","100","98.040","239","105","29","24","","","","","5815e8c98d87e12b48bbc6d775ebb133","0.335","","","","","HTTP/1.1","https://www.massgeneral.org/patient-experience/","2021-09-21 07:55:24"
"https://www.massgeneral.org/ophthalmology/","text/html; charset=UTF-8","200","OK","Non-Indexable","Canonicalised","Ophthalmology","13","134","Massachusetts General Hospital works in close collaboration with the Department of Ophthalmology at Massachusetts Eye and Ear. Mass. Eye and Ear offers expert care for the full range of conditions and diseases affecting the eyes, including macular degeneration, glaucoma and diabetic eye disorders.","298","1885","","0","Department of Ophthalmology","27","","0","The Mass General Difference","27","Conditions & Treatments","23","","","","https://www.massgeneral.org/ophthalmology","","","","","","66494","593","11.396","2","","216","100","98.040","217","94","18","13","","","","","fc5e9a14526c7667eee6ef22463f70a4","0.399","","","","","HTTP/1.1","https://www.massgeneral.org/ophthalmology/","2021-09-21 07:55:25"
"https://www.massgeneral.org/psychiatry/","text/html; charset=UTF-8","200","OK","Non-Indexable","Canonicalised","Department of Psychiatry","24","222","For 80 years, Mass General's Psychiatry Department has provided the highest quality patient care through pioneering research.","125","792","","0","Department of Psychiatry","24","","0","The Mass General Difference","27","Conditions & Treatments","23","","","","https://www.massgeneral.org/psychiatry","","","","","","94568","863","10.769","2","","222","100","98.040","277","127","23","15","","","","","8fa7ebc062ac43fee454baf2afec8d38","0.468","","","","","HTTP/1.1","https://www.massgeneral.org/psychiatry/","2021-09-21 07:55:25"
"https://www.massgeneral.org/heart-center/","text/html; charset=UTF-8","200","OK","Non-Indexable","Canonicalised","Corrigan Minehan Heart Center","29","277","At Massachusetts General Hospital, our world-class physicians and nurses specialize in specific forms of heart disease, and work closely together to offer leading treatments and preventive care for cardiac conditions.","217","1343","","0","Heart Center","12","","0","The Mass General Difference","27","Conditions & Treatments","23","","","","https://www.massgeneral.org/heart-center","","","","","","103986","1106","11.088","2","","324","100","98.040","284","129","21","12","","","","","3e0991d94a3b6e0815f8a43f7208b38f","0.513","","","","","HTTP/1.1","https://www.massgeneral.org/heart-center/","2021-09-21 07:55:25"
"https://www.massgeneral.org/visit/coming-to-mass-general/virtual-visits","text/html; charset=UTF-8","200","OK","Indexable","","Virtual Visits","14","109","Virtual visits are real-time video or phone conversations with a Mass General provider that you can have through your computer, tablet or smartphone.","149","931","","0","Virtual Visits","14","","0","The Mass General Difference","27","Conditions & Treatments","23","","","","https://www.massgeneral.org/visit/coming-to-mass-general/virtual-visits","","","","","","75302","492","9.844","2","","144","100","98.040","248","107","17","11","","","","","5a46c398a59b43034d303ac86a100173","0.288","","","","","HTTP/1.1","https://www.massgeneral.org/visit/coming-to-mass-general/virtual-visits","2021-09-21 07:55:25"
"https://www.massgeneral.org/telehealth/","text/html; charset=UTF-8","200","OK","Non-Indexable","Canonicalised","Center for Telehealth","21","185","The Massachusetts General Hospital Center for TeleHealth provides patients and consulting providers virtual options for access to the expertise of Mass General clinicians.","171","1065","","0","Center for TeleHealth","21","","0","The Mass General Difference","27","Conditions & Treatments","23","","","","https://www.massgeneral.org/telehealth","","","","","","80873","842","12.013","2","","25","6","5.880","250","113","15","10","","","","","3d508439c5936f57346ef07a890fcc8c","0.358","","","","","HTTP/1.1","https://www.massgeneral.org/telehealth/","2021-09-21 07:55:25"
"https://www.massgeneral.org/community-health/","text/html; charset=UTF-8","200","OK","Non-Indexable","Canonicalised","Mass General Community Health","29","292","We are dedicated to bringing high-quality, equitable care to the diverse communities we serve.","94","585","","0","Mass General Community Health","29","","0","The Mass General Difference","27","Conditions & Treatments","23","","","","https://www.massgeneral.org/community-health","","","","","","89675","1031","11.609","2","","233","100","98.040","244","103","24","18","","","","","319ab764b0e84101c2106963ecfc24f3","0.306","","","","","HTTP/1.1","https://www.massgeneral.org/community-health/","2021-09-21 07:55:25"
"https://giving.massgeneral.org/donate/give-to-the-mgh-fund?septemberdm&re_appeal=2109AGDIWAXX&atlas_source_code=2109AGDIMKXXG9AQHLNXXXXXXC1C1XXTMXXXXX&donation_amounts=35-50-100&default_amount=50&utm_medium=web&utm_source=referral&utm_campaign=mgh-fund-2021-September-fye-web-assets&utm_content=mgh-h","text/html; charset=utf-8","200","OK","Indexable","","Make a gift to the MGH Fund today","33","307","Your gift to the MGH Fund will immediately go to work to help Massachusetts General Hospital make a difference in the areas of greatest need and allow us to be ready to respond, no matter the challenges presented.

With your gift, we will be able to continue to advance research in new drug therapies and protocols, make breakthroughs in treatments, provide unsurpassed patient care and expand our service to our community in New England and across the globe.

Make a gift to the MGH Fund today","498","3101","","0","Make a gift to the MGH Fund today","33","Payment","7","Please support Mass General by giving to the MGH Fund today","59","","0","","","","","","","","","","393374","293","1.537","2","","2","2","1.960","30","26","6","6","","","","","c83906a436de2a0f6014c0703a657fc8","1.001","","","","","HTTP/1.1","https://giving.massgeneral.org/donate/give-to-the-mgh-fund?septemberdm&re_appeal=2109AGDIWAXX&atlas_source_code=2109AGDIMKXXG9AQHLNXXXXXXC1C1XXTMXXXXX&donation_amounts=35-50-100&default_amount=50&utm_medium=web&utm_source=referral&utm_campaign=mgh-fund-2021-September-fye-web-assets&utm_content=mgh-h","2021-09-21 07:55:12"
