,Address,Content Type,Status Code,Status,Indexability,Indexability Status,Title 1,Title 1 Length,Title 1 Pixel Width,Meta Description 1,Meta Description 1 Length,Meta Description 1 Pixel Width,Meta Keywords 1,Meta Keywords 1 Length,H1-1,H1-1 Length,H1-2,H1-2 Length,H2-1,H2-1 Length,H2-2,H2-2 Length,Meta Robots 1,X-Robots-Tag 1,Meta Refresh 1,Canonical Link Element 1,"rel=""next"" 1","rel=""prev"" 1","HTTP rel=""next"" 1","HTTP rel=""prev"" 1",amphtml Link Element,Size (bytes),Word Count,Text Ratio,Crawl Depth,Link Score,Inlinks,Unique Inlinks,Unique JS Inlinks,% of Total,Outlinks,Unique Outlinks,Unique JS Outlinks,External Outlinks,Unique External Outlinks,Unique External JS Outlinks,Closest Similarity Match,No. Near Duplicates,Spelling Errors,Grammar Errors,Hash,Response Time,Last Modified,Redirect URL,Redirect Type,Cookies,HTTP Version,Search 1: bridge clinic,URL Encoded Address,Crawl Timestamp
0,https://www.vumc.org/main/home,text/html; charset=UTF-8,200,OK,Indexable,,Vanderbilt University Medical Center |,38,332,,0,0,,0,Vanderbilt University Medical Center,36,,0,Column A,8,Column B,8,,,,https://www.vumc.org/main/home,,,,,,64548,157,4.394,0,,1,1,0,1.69,39,32,0,54,46,0,,,,,1db5e36cd4736c611c43ac5cc12fd8a6,0.394,"Mon, 29 Nov 2021 15:03:19 GMT",,,,1.1,0,https://www.vumc.org/main/home,2021-11-29 15:05:43
4,https://www.vumc.org/psychiatry/,text/html; charset=UTF-8,200,OK,Non-Indexable,Canonicalised,Department of Psychiatry and Behavioral Sciences,48,445,,0,0,,0,Welcome,7,,0,Welcome,7,In the News,11,,,,https://www.vumc.org/psychiatry/welcome,,,,,,100917,221,7.259,1,,3,2,0,3.39,199,102,0,56,40,0,,,,,f45f241fbb873888b6978ef7786490ab,0.1,"Mon, 29 Nov 2021 14:18:16 GMT",,,,1.1,0,https://www.vumc.org/psychiatry/,2021-11-29 15:05:44
5,https://www.vumc.org/main/sites/default/files/public_files/Starbrite.png,image/png,200,OK,Indexable,,,0,0,,0,0,,0,,0,,0,,0,,0,,,,,,,,,,12701,0,0.0,1,,0,0,0,0.0,0,0,0,0,0,0,,,,,,0.082,"Wed, 23 Jun 2021 03:46:34 GMT",,,,1.1,0,https://www.vumc.org/main/sites/default/files/public_files/Starbrite.png,2021-11-29 15:05:44
12,https://www.vumc.org/main/sites/default/files/public_files/Resources_Directory.png,image/png,200,OK,Indexable,,,0,0,,0,0,,0,,0,,0,,0,,0,,,,,,,,,,14090,0,0.0,1,,0,0,0,0.0,0,0,0,0,0,0,,,,,,0.078,"Wed, 23 Jun 2021 03:46:38 GMT",,,,1.1,0,https://www.vumc.org/main/sites/default/files/public_files/Resources_Directory.png,2021-11-29 15:05:44
13,https://www.vumc.org/main/sites/default/files/public_files/PeopleFinder.png,image/png,200,OK,Indexable,,,0,0,,0,0,,0,,0,,0,,0,,0,,,,,,,,,,15056,0,0.0,1,,0,0,0,0.0,0,0,0,0,0,0,,,,,,0.082,"Wed, 23 Jun 2021 03:46:37 GMT",,,,1.1,0,https://www.vumc.org/main/sites/default/files/public_files/PeopleFinder.png,2021-11-29 15:05:44
15,https://www.vumc.org/urology,text/html; charset=UTF-8,301,Moved Permanently,Non-Indexable,Redirected,,0,0,,0,0,,0,,0,,0,,0,,0,,,,,,,,,,422,0,0.0,1,,1,1,0,1.69,0,0,0,0,0,0,,,,,,0.086,,https://www.vumc.org/urology/department-home,HTTP Redirect,,1.1,0,https://www.vumc.org/urology,2021-11-29 15:05:44
24,https://www.vumc.org/main/sites/default/files/public_files/email.png,image/png,200,OK,Indexable,,,0,0,,0,0,,0,,0,,0,,0,,0,,,,,,,,,,9878,0,0.0,1,,0,0,0,0.0,0,0,0,0,0,0,,,,,,0.079,"Wed, 23 Jun 2021 03:46:41 GMT",,,,1.1,0,https://www.vumc.org/main/sites/default/files/public_files/email.png,2021-11-29 15:05:45
25,https://www.vumc.org/main/sites/default/files/public_files/Kronos.png,image/png,200,OK,Indexable,,,0,0,,0,0,,0,,0,,0,,0,,0,,,,,,,,,,13424,0,0.0,1,,0,0,0,0.0,0,0,0,0,0,0,,,,,,0.075,"Wed, 23 Jun 2021 03:46:34 GMT",,,,1.1,0,https://www.vumc.org/main/sites/default/files/public_files/Kronos.png,2021-11-29 15:05:45
29,https://www.vumc.org/radiation-oncology/,text/html; charset=UTF-8,200,OK,Non-Indexable,Canonicalised,Welcome from the Chair | Department of Radiation Oncology,57,533,,0,0,,0,Welcome from the Chair,22,,0,Dedicated to improving treatment outcomes of all diseases treated with radiation and to finding new medical uses of radiation,125,Column A,8,,,,https://www.vumc.org/radiation-oncology/welcome-chair,,,,,,63348,303,7.739,1,,3,2,0,3.39,73,38,0,35,29,0,,,,,97689715fa306a1a3dd47aa560eee039,0.081,"Thu, 18 Nov 2021 15:51:09 GMT",,,,1.1,0,https://www.vumc.org/radiation-oncology/,2021-11-29 15:05:45
30,https://www.vumc.org/careers/,text/html; charset=UTF-8,200,OK,Indexable,,Work at Vanderbilt University Medical Center,44,395,,0,0,,0,Work at Vanderbilt University Medical Center,44,,0,People are at the heart of all we do.,37,Search Jobs,11,,,,https://www.vumc.org/careers/,,,,,,59074,592,10.514,1,,65,58,0,98.31,35,21,0,62,40,0,,,,,ce6d50aecc6a4ae3484f299eb9f4e1ca,0.034,"Mon, 22 Nov 2021 20:02:40 GMT",,,,1.1,0,https://www.vumc.org/careers/,2021-11-29 15:05:45
31,https://www.vumc.org/main/sites/default/files/styles/barista_slideshow_fullwidth/public/slideshows/MHAV_VUMC.png?itok=VSW4Nnxj,image/png,200,OK,Indexable,,,0,0,,0,0,,0,,0,,0,,0,,0,,,,,,,,,,380356,0,0.0,1,,0,0,0,0.0,0,0,0,0,0,0,,,,,,0.029,"Fri, 22 Oct 2021 16:03:53 GMT",,,,1.1,0,https://www.vumc.org/main/sites/default/files/styles/barista_slideshow_fullwidth/public/slideshows/MHAV_VUMC.png?itok=VSW4Nnxj,2021-11-29 15:05:45
32,https://www.vumc.org/main/sites/default/files/styles/barista_slideshow_fullwidth/public/slideshows/VH_DentalImplants_Display_L1JP.jpg?itok=3Piy20ea,image/jpeg,200,OK,Indexable,,,0,0,,0,0,,0,,0,,0,,0,,0,,,,,,,,,,151826,0,0.0,1,,0,0,0,0.0,0,0,0,0,0,0,,,,,,0.084,"Thu, 24 Jun 2021 19:33:40 GMT",,,,1.1,0,https://www.vumc.org/main/sites/default/files/styles/barista_slideshow_fullwidth/public/slideshows/VH_DentalImplants_Display_L1JP.jpg?itok=3Piy20ea,2021-11-29 15:05:45
37,https://www.vumc.org/dbmi/,text/html; charset=UTF-8,200,OK,Indexable,,Department of Biomedical Informatics,36,329,,0,0,,0,Welcome,7,Welcome,7,News Announcements,18,Contact Us,10,,,,https://www.vumc.org/dbmi/,,,,,,76090,410,7.349,1,,3,2,0,3.39,90,43,0,44,34,0,,,,,64c822bc34d1b0e4f53444f39e5640d1,0.155,"Mon, 29 Nov 2021 16:28:32 GMT",,,,1.1,0,https://www.vumc.org/dbmi/,2021-11-29 15:05:45
43,https://www.vumc.org/main/sites/default/files/public_files/eStar.png,image/png,200,OK,Indexable,,,0,0,,0,0,,0,,0,,0,,0,,0,,,,,,,,,,12873,0,0.0,1,,0,0,0,0.0,0,0,0,0,0,0,,,,,,0.076,"Wed, 23 Jun 2021 03:46:43 GMT",,,,1.1,0,https://www.vumc.org/main/sites/default/files/public_files/eStar.png,2021-11-29 15:05:46
48,https://www.vumc.org/main/sites/default/files/styles/barista_slideshow_fullwidth/public/slideshows/_VH_GIFT_OF_HEARING_2016x850_STATIC_M1.jpg?itok=mYawH2G8,image/jpeg,200,OK,Indexable,,,0,0,,0,0,,0,,0,,0,,0,,0,,,,,,,,,,102870,0,0.0,1,,0,0,0,0.0,0,0,0,0,0,0,,,,,,0.075,"Mon, 01 Nov 2021 13:40:56 GMT",,,,1.1,0,https://www.vumc.org/main/sites/default/files/styles/barista_slideshow_fullwidth/public/slideshows/_VH_GIFT_OF_HEARING_2016x850_STATIC_M1.jpg?itok=mYawH2G8,2021-11-29 15:05:46
57,https://www.vumc.org/main/sites/default/files/styles/barista_slideshow_fullwidth/public/slideshows/vh_edu_small_ad_daisyaward-2x.jpg?itok=f1PZmcN6,image/jpeg,200,OK,Indexable,,,0,0,,0,0,,0,,0,,0,,0,,0,,,,,,,,,,109128,0,0.0,1,,0,0,0,0.0,0,0,0,0,0,0,,,,,,0.106,"Wed, 23 Jun 2021 03:48:14 GMT",,,,1.1,0,https://www.vumc.org/main/sites/default/files/styles/barista_slideshow_fullwidth/public/slideshows/vh_edu_small_ad_daisyaward-2x.jpg?itok=f1PZmcN6,2021-11-29 15:05:47
61,https://www.vumc.org/radiology/,text/html; charset=UTF-8,200,OK,Non-Indexable,Canonicalised,Department of Radiology,23,219,,0,0,,0,(New) Home Page,15,,0,,0,Radiology Residents,19,,,,https://www.vumc.org/radiology/node/379,,,,,,80120,163,6.341,1,,3,2,0,3.39,155,82,0,42,34,0,,,,,7646ab01f104e409af96e77fe6c84f86,0.215,"Tue, 23 Nov 2021 17:33:12 GMT",,,,1.1,0,https://www.vumc.org/radiology/,2021-11-29 15:05:47
62,https://www.vumc.org/compliance/integrity-line-hotline,text/html; charset=UTF-8,200,OK,Indexable,,Integrity Line (Hotline) | Office of Compliance & Corporate Integrity,69,580,,0,0,,0,Integrity Line (Hotline),24,,0,"To report unethical, illegal, or unsafe activity at The Medical Center",70,Did you know?,13,,,,https://www.vumc.org/compliance/integrity-line-hotline,,,,,,49698,311,9.1,1,,64,58,0,98.31,47,25,0,37,30,0,,,,,4328a8559ebb90112b8e0b47904cb2a,0.128,"Tue, 09 Nov 2021 16:36:33 GMT",,,,1.1,0,https://www.vumc.org/compliance/integrity-line-hotline,2021-11-29 15:05:47
63,https://www.vumc.org/orthopaedics/,text/html; charset=iso-8859-1,302,Found,Non-Indexable,Redirected,,0,0,,0,0,,0,,0,,0,,0,,0,,,,,,,,,,211,0,0.0,1,,1,1,0,1.69,0,0,0,0,0,0,,,,,,0.113,,https://www.vumc.org/ortho/,HTTP Redirect,,1.1,0,https://www.vumc.org/orthopaedics/,2021-11-29 15:05:47
68,https://www.vumc.org/medcenterparking/,text/html; charset=iso-8859-1,302,Found,Non-Indexable,Redirected,,0,0,,0,0,,0,,0,,0,,0,,0,,,,,,,,,,224,0,0.0,1,,177,58,0,98.31,0,0,0,0,0,0,,,,,,0.068,,https://www.vumc.org/med-center-parking/,HTTP Redirect,,1.1,0,https://www.vumc.org/medcenterparking/,2021-11-29 15:05:48
69,https://www.vumc.org/,text/html; charset=iso-8859-1,302,Found,Non-Indexable,Redirected,,0,0,,0,0,,0,,0,,0,,0,,0,,,,,,,,,,214,0,0.0,1,,176,58,0,98.31,0,0,0,0,0,0,,,,,,0.023,,https://www.vumc.org/main/home,HTTP Redirect,,1.1,0,https://www.vumc.org/,2021-11-29 15:05:48
70,https://www.vumc.org/main/,text/html; charset=UTF-8,301,Moved Permanently,Non-Indexable,Redirected,,0,0,,0,0,,0,,0,,0,,0,,0,,,,,,,,,,366,0,0.0,1,,3,3,0,5.08,0,0,0,0,0,0,,,,,,0.076,,https://www.vumc.org/main/home,HTTP Redirect,,1.1,0,https://www.vumc.org/main/,2021-11-29 15:05:48
71,https://www.vumc.org/ophthalmology/,text/html; charset=UTF-8,200,OK,Non-Indexable,Canonicalised,Department of Ophthalmology and Visual Sciences,47,448,,0,0,,0,"Welcome from the Chair, Paul Sternberg, Jr., M.D.",49,,0,Vanderbilt Eye Institute offers comprehensive training in the Department of Ophthalmology.,90,Column A,8,,,,https://www.vumc.org/ophthalmology/welcome-chair-paul-sternberg-jr-md,,,,,,82455,1131,15.001,1,,3,2,0,3.39,121,62,0,40,31,0,,,,,b13fcdedd84c31d0346b761bc9ed5ee8,0.167,"Tue, 16 Nov 2021 03:16:23 GMT",,,,1.1,0,https://www.vumc.org/ophthalmology/,2021-11-29 15:05:48
77,https://www.vumc.org/pmr/,text/html; charset=UTF-8,200,OK,Non-Indexable,Canonicalised,Department of Physical Medicine and Rehabilitation,50,455,,0,0,,0,Welcome to Physical Medicine and Rehabilitation,47,,0, ,1,See the PM&R Residency Training page for more information regarding the program and to how to apply.,100,,,,https://www.vumc.org/pmr/welcome-physical-medicine-and-rehabilitation,,,,,,72710,1134,14.829,1,,3,2,0,3.39,81,43,0,62,55,0,,,,,4676799c2c87305ddb4f56b2e43a2bde,0.178,"Mon, 22 Nov 2021 19:53:25 GMT",,,,1.1,0,https://www.vumc.org/pmr/,2021-11-29 15:05:48
78,https://www.vumc.org/main/resources-employees,text/html; charset=UTF-8,200,OK,Indexable,,Resources for Employees |,25,237,,0,0,,0,Resources for Employees,23,,0,Column A,8,Column B,8,,,,https://www.vumc.org/main/resources-employees,,,,,,123733,1051,14.071,1,,118,58,0,98.31,163,82,0,260,131,0,,,,,9bf9eed9c9bcfa34e32c63ba2405ef48,0.075,"Mon, 29 Nov 2021 19:11:22 GMT",,,,1.1,0,https://www.vumc.org/main/resources-employees,2021-11-29 15:05:48
79,https://www.vumc.org/main/sites/default/files/public_files/Parking.png,image/png,200,OK,Indexable,,,0,0,,0,0,,0,,0,,0,,0,,0,,,,,,,,,,16485,0,0.0,1,,0,0,0,0.0,0,0,0,0,0,0,,,,,,0.189,"Wed, 23 Jun 2021 03:46:36 GMT",,,,1.1,0,https://www.vumc.org/main/sites/default/files/public_files/Parking.png,2021-11-29 15:05:48
82,https://www.vumc.org/obgyn/,text/html; charset=UTF-8,200,OK,Non-Indexable,Canonicalised,Department of Obstetrics and Gynecology,39,368,,0,0,,0,Message From The Chair,22,,0,Column A,8,Column B,8,,,,https://www.vumc.org/obgyn/message-chair,,,,,,62404,492,9.16,1,,3,2,0,3.39,63,34,0,35,29,0,,,,,b885df856abdcec8289750f9a5657307,0.036,"Tue, 23 Nov 2021 20:46:20 GMT",,,,1.1,0,https://www.vumc.org/obgyn/,2021-11-29 15:05:48
85,https://www.vumc.org/main/sites/default/files/styles/barista_slideshow_fullwidth/public/slideshows/wic1-585x250.jpg?itok=MnvRYmZ-,image/jpeg,200,OK,Indexable,,,0,0,,0,0,,0,,0,,0,,0,,0,,,,,,,,,,118679,0,0.0,1,,0,0,0,0.0,0,0,0,0,0,0,,,,,,0.078,"Wed, 23 Jun 2021 03:48:14 GMT",,,,1.1,0,https://www.vumc.org/main/sites/default/files/styles/barista_slideshow_fullwidth/public/slideshows/wic1-585x250.jpg?itok=MnvRYmZ-,2021-11-29 15:05:49
86,https://www.vumc.org/dls/,text/html; charset=iso-8859-1,302,Found,Non-Indexable,Redirected,,0,0,,0,0,,0,,0,,0,,0,,0,,,,,,,,,,230,0,0.0,1,,6,3,0,5.08,0,0,0,0,0,0,,,,,,0.069,,https://www.vumc.org/discovery-lecture-series/,HTTP Redirect,,1.1,0,https://www.vumc.org/dls/,2021-11-29 15:05:49
87,https://www.vumc.org/vanderbilt-nursing/daisy-award,text/html; charset=UTF-8,200,OK,Indexable,,The DAISY Award | Vanderbilt Nursing,36,339, ,1,0,,0,The DAISY Award,15,,0,Column A,8,Column B,8,,,,https://www.vumc.org/vanderbilt-nursing/daisy-award,,,,,,115970,954,12.847,1,,13,4,0,6.78,205,102,0,57,46,0,,,,,7afd14223b8833c0e33453fe9f618499,0.1,"Wed, 24 Nov 2021 17:45:35 GMT",,,,1.1,0,https://www.vumc.org/vanderbilt-nursing/daisy-award,2021-11-29 15:05:49
88,https://www.vumc.org/vanderbilt-nursing/,text/html; charset=UTF-8,200,OK,Non-Indexable,Canonicalised,The Perks of Being a VUMC Nurse | Vanderbilt Nursing,52,488,"Vanderbilt University Medical Center (VUMC) is a place where nursing isn’t just a job, it’s a career. It’s a place where there is plenty of room to follow your passions. Our nursing colleagues are teachers, researchers, clinicians and much more. They are a community of colleagues who have each other’s backs. But, most of all, they are caring advocates for the needs of our patients and families.",397,2442,,0,The Perks of Being a VUMC Nurse,31,,0,Column A,8,Column B,8,,,,https://www.vumc.org/vanderbilt-nursing/perks-being-vumc-nurse,,,,,,133306,2177,16.948,1,,10,5,0,8.47,233,112,0,54,43,0,,,,,4dfa36a3bf4fa338869f3c99e0382e8,0.301,"Wed, 24 Nov 2021 17:43:05 GMT",,,,1.1,0,https://www.vumc.org/vanderbilt-nursing/,2021-11-29 15:05:49
89,https://www.vumc.org/main/sites/default/files/styles/barista_slideshow_fullwidth/public/slideshows/DLS-Eils_web_banner-585x250%402x.jpg?itok=pYvQzbjS,image/jpeg,200,OK,Indexable,,,0,0,,0,0,,0,,0,,0,,0,,0,,,,,,,,,,129409,0,0.0,1,,0,0,0,0.0,0,0,0,0,0,0,,,,,,0.033,"Wed, 20 Oct 2021 17:42:21 GMT",,,,1.1,0,https://www.vumc.org/main/sites/default/files/styles/barista_slideshow_fullwidth/public/slideshows/DLS-Eils_web_banner-585x250%402x.jpg?itok=pYvQzbjS,2021-11-29 15:05:49
90,https://www.vumc.org/pmi/,text/html; charset=UTF-8,200,OK,Non-Indexable,Canonicalised,"Department of Pathology, Microbiology and Immunology",52,493,,0,0,,0,Home,4,,0,,0,A Message from the Chair:,25,,,,https://www.vumc.org/pmi/home,,,,,,74301,232,6.638,1,,4,3,0,5.08,106,56,0,46,36,0,,,,,82c3c5ba22df9390e7c1109fea9e27fd,0.028,"Wed, 24 Nov 2021 23:21:16 GMT",,,,1.1,0,https://www.vumc.org/pmi/,2021-11-29 15:05:49
91,https://www.vumc.org/ent,text/html; charset=UTF-8,200,OK,Non-Indexable,Canonicalised,Welcome | Department of Otolaryngology - Head & Neck Surgery,60,572,,0,0,,0,Welcome,7,Vanderbilt Otolaryngology-Head & Neck Surgery,45,Patient Care,12,Education and Training,22,,,,https://www.vumc.org/ent/welcome-1,,,,,,91208,884,12.834,1,,2,2,0,3.39,178,85,0,42,35,0,,,,,6f39031787a3adf8202cf45c4179a4db,0.031,"Tue, 23 Nov 2021 09:40:19 GMT",,,,1.1,0,https://www.vumc.org/ent,2021-11-29 15:05:50
99,https://www.vumc.org/about/,text/html; charset=UTF-8,200,OK,Non-Indexable,Canonicalised,Vanderbilt University Medical Center | About Vanderbilt University Medical Center,81,715,,0,0,,0,Vanderbilt University Medical Center,36,,0,Column A,8,Column B,8,,,,https://www.vumc.org/about/vanderbilt-university-medical-center,,,,,,41420,237,8.348,1,,60,58,0,98.31,24,13,0,34,27,0,,,,,6cab8563a8d37e75069461b3e51db2a8,0.146,"Fri, 29 Oct 2021 17:53:34 GMT",,,,1.1,0,https://www.vumc.org/about/,2021-11-29 15:05:50
106,https://www.vumc.org/coronavirus/information-vumc-employees-and-patients,text/html; charset=UTF-8,200,OK,Indexable,,Information for VUMC Employees and Patients | Coronavirus (COVID-19) Information for Employees and Patients,107,992,,0,0,,0,Information for VUMC Employees and Patients,43,,0,"Caregivers Need Care, Too",25,Coronavirus (COVID-19) Resources,32,,,,https://www.vumc.org/coronavirus/information-vumc-employees-and-patients,,,,,,79205,435,8.093,1,,14,8,0,13.56,97,46,0,50,39,0,,,,,4c7f7b175d4ed328ed04c4ee7c7f6ea2,0.085,"Mon, 29 Nov 2021 18:37:42 GMT",,,,1.1,0,https://www.vumc.org/coronavirus/information-vumc-employees-and-patients,2021-11-29 15:05:51
108,https://www.vumc.org/information-privacy-security/notice-privacy-practices,text/html; charset=UTF-8,200,OK,Indexable,,Notice of Privacy Practices | Information Privacy and Security,62,535,,0,0,,0,Notice of Privacy Practices,27,,0,Column A,8,Column B,8,,,,https://www.vumc.org/information-privacy-security/notice-privacy-practices,,,,,,47754,314,8.78,1,,59,58,0,98.31,47,28,0,36,30,0,,,,,d204aa1ce7ec7158dc2b3d7ce5ad2e8f,0.046,"Mon, 08 Nov 2021 16:37:41 GMT",,,,1.1,0,https://www.vumc.org/information-privacy-security/notice-privacy-practices,2021-11-29 15:05:51
109,https://www.vumc.org/communityhealthimprovement,text/html; charset=UTF-8,301,Moved Permanently,Non-Indexable,Redirected,,0,0,,0,0,,0,,0,,0,,0,,0,,,,,,,,,,690,0,0.0,1,,58,58,0,98.31,0,0,0,0,0,0,,,,,,0.099,,https://www.vumc.org/communityhealthimprovement/welcome-office-health-equitys-community-health-improvement-page,HTTP Redirect,,1.1,0,https://www.vumc.org/communityhealthimprovement,2021-11-29 15:05:51
116,https://www.vumc.org/neurology,text/html; charset=UTF-8,200,OK,Non-Indexable,Canonicalised,Welcome | Department of Neurology,33,320,,0,0,,0,Welcome,7,Welcome from the Chair,22,Contact,7,Column A,8,,,,https://www.vumc.org/neurology/welcome,,,,,,79849,457,8.106,1,,2,2,0,3.39,118,54,0,49,36,0,,,,,c93ef067691e3882db1f657abc15ac9e,0.132,"Fri, 19 Nov 2021 16:13:15 GMT",,,,1.1,0,https://www.vumc.org/neurology,2021-11-29 15:05:51
117,https://www.vumc.org/surgical-sciences/,text/html; charset=UTF-8,200,OK,Non-Indexable,Canonicalised,"Vanderbilt, A Tradition in Excellence | Vanderbilt Section of Surgical Sciences",79,680,,0,0,,0,"Vanderbilt, A Tradition in Excellence",37,,0,Departments and Divisions,25,Contact,7,,,,https://www.vumc.org/surgical-sciences/vanderbilt-tradition-excellence,,,,,,75604,733,10.921,1,,3,2,0,3.39,112,64,0,70,64,0,,,,,cff1063c87920f3f6a916f1ee9300874,0.093,"Mon, 29 Nov 2021 14:47:55 GMT",,,,1.1,0,https://www.vumc.org/surgical-sciences/,2021-11-29 15:05:51
120,https://www.vumc.org/main/sites/default/files/styles/barista_slideshow_fullwidth/public/slideshows/UDN_20210407DJ005-768x569.jpg?itok=un2XFkij,image/jpeg,200,OK,Indexable,,,0,0,,0,0,,0,,0,,0,,0,,0,,,,,,,,,,120306,0,0.0,1,,0,0,0,0.0,0,0,0,0,0,0,,,,,,0.117,"Tue, 16 Nov 2021 14:57:27 GMT",,,,1.1,0,https://www.vumc.org/main/sites/default/files/styles/barista_slideshow_fullwidth/public/slideshows/UDN_20210407DJ005-768x569.jpg?itok=un2XFkij,2021-11-29 15:05:52
121,https://www.vumc.org/main/sites/default/files/public_files/C2HR.png,image/png,200,OK,Indexable,,,0,0,,0,0,,0,,0,,0,,0,,0,,,,,,,,,,13439,0,0.0,1,,0,0,0,0.0,0,0,0,0,0,0,,,,,,0.112,"Wed, 23 Jun 2021 03:46:36 GMT",,,,1.1,0,https://www.vumc.org/main/sites/default/files/public_files/C2HR.png,2021-11-29 15:05:52
123,https://www.vumc.org/biostatistics/,text/html; charset=UTF-8,200,OK,Non-Indexable,Canonicalised,Department of Biostatistics,27,235,,0,0,,0,Vanderbilt Department of Biostatistics,38,,0,News and Events,15,Department mailing list,23,,,,https://www.vumc.org/biostatistics/vanderbilt-department-biostatistics,,,,,,74152,571,8.742,1,,3,2,0,3.39,66,36,0,76,55,0,,,,,f49ee4e3d438e48f9059136c3820ae3b,0.085,"Sat, 27 Nov 2021 03:38:20 GMT",,,,1.1,0,https://www.vumc.org/biostatistics/,2021-11-29 15:05:52
124,https://www.vumc.org/oor/,text/html; charset=UTF-8,200,OK,Non-Indexable,Canonicalised,Office of Research,18,163,,0,0,,0,Welcome,7,,0,"Enabling, accelerating and celebrating biomedical discovery at Vanderbilt.",74,Discovery News,14,,,,https://www.vumc.org/oor/welcome,,,,,,83282,295,8.562,1,,60,58,0,98.31,139,71,0,63,49,0,,,,,7cbbacca6ec99e8eae123bc1412f6f64,0.088,"Fri, 26 Nov 2021 17:30:49 GMT",,,,1.1,0,https://www.vumc.org/oor/,2021-11-29 15:05:52
134,https://www.vumc.org/anesthesiology,text/html; charset=UTF-8,200,OK,Non-Indexable,Canonicalised,Message from the Chair | Department of Anesthesiology,53,491,,0,0,,0,Message from the Chair,22,,0,COVID-19 Support,16,Column A,8,,,,https://www.vumc.org/anesthesiology/message-chair,,,,,,82502,353,8.529,1,,2,2,0,3.39,165,86,0,34,28,0,,,,,5dcd3408783f15e2d20f07423f66d12f,0.086,"Wed, 24 Nov 2021 18:34:14 GMT",,,,1.1,0,https://www.vumc.org/anesthesiology,2021-11-29 15:05:53
135,https://www.vumc.org/health-policy/,text/html; charset=UTF-8,200,OK,Non-Indexable,Canonicalised,Welcome to Health Policy | Department of Health Policy,54,488,,0,0,,0,Welcome to Health Policy,24,,0,Health Policy News,18,Featured Resources,18,,,,https://www.vumc.org/health-policy/welcome-health-policy,,,,,,78884,251,6.852,1,,3,2,0,3.39,128,64,0,44,35,0,,,,,3e6d3f6f98ff27b2355aef6c5c35c2bb,0.081,"Mon, 29 Nov 2021 16:37:28 GMT",,,,1.1,0,https://www.vumc.org/health-policy/,2021-11-29 15:05:53
137,https://www.vumc.org/main/user/login?saml_login=false,text/html; charset=UTF-8,200,OK,Indexable,,Log in |,8,65,,0,0,,0,,0,,0,Column A,8,Column B,8,,,,,,,,,,47838,73,4.429,1,,4,3,0,5.08,19,13,0,34,28,0,,,,,164822cdf24d7a1fdf32a9271ef48ed4,0.751,,,,,1.1,0,https://www.vumc.org/main/user/login?saml_login=false,2021-11-29 15:05:53
138,https://www.vumc.org/main/sites/default/files/public_files/Nursing.png,image/png,200,OK,Indexable,,,0,0,,0,0,,0,,0,,0,,0,,0,,,,,,,,,,14018,0,0.0,1,,0,0,0,0.0,0,0,0,0,0,0,,,,,,2.103,"Wed, 23 Jun 2021 03:46:38 GMT",,,,1.1,0,https://www.vumc.org/main/sites/default/files/public_files/Nursing.png,2021-11-29 15:05:52
139,https://www.vumc.org/infectioncontrol/,text/html; charset=iso-8859-1,302,Found,Non-Indexable,Redirected,,0,0,,0,0,,0,,0,,0,,0,,0,,,,,,,,,,226,0,0.0,2,,5,3,0,5.08,0,0,0,0,0,0,,,,,,0.074,,https://www.vumc.org/infection-prevention/,HTTP Redirect,,1.1,0,https://www.vumc.org/infectioncontrol/,2021-11-29 15:05:54
140,https://www.vumc.org/health-wellness/worklife-connections/,text/html; charset=UTF-8,200,OK,Non-Indexable,Canonicalised,Work/Life Connections | Vanderbilt Faculty & Staff Health and Wellness,70,628,,0,0,,0,Work/Life Connections,21,,0,Wellcasts - Work/Life Connections,33,Work/Life Connections News,26,,,,https://www.vumc.org/health-wellness/worklife-connections,,,,,,97824,739,10.095,2,,3,2,0,3.39,182,103,0,35,29,0,,,,,b76554a1509419ac425592cbd247cfd7,0.739,,,,,1.1,0,https://www.vumc.org/health-wellness/worklife-connections/,2021-11-29 15:05:54
141,https://www.vumc.org/ocm/,text/html; charset=iso-8859-1,302,Found,Non-Indexable,Redirected,,0,0,,0,0,,0,,0,,0,,0,,0,,,,,,,,,,226,0,0.0,2,,4,2,0,3.39,0,0,0,0,0,0,,,,,,0.069,,https://www.vumc.org/contracts-management/,HTTP Redirect,,1.1,0,https://www.vumc.org/ocm/,2021-11-29 15:05:55
142,https://www.vumc.org/risk-management/protection-minors,text/html; charset=UTF-8,302,Found,Non-Indexable,Redirected,,0,0,,0,0,,0,,0,,0,,0,,0,,,,,,,,,,554,0,0.0,2,,4,2,0,3.39,0,0,0,0,0,0,,,,,,0.194,,https://www.vumc.org/risk-management/user/login?destination=protection-minors,HTTP Redirect,,1.1,0,https://www.vumc.org/risk-management/protection-minors,2021-11-29 15:05:54
143,https://www.vumc.org/vasp/,text/html; charset=iso-8859-1,302,Found,Non-Indexable,Redirected,,0,0,,0,0,,0,,0,,0,,0,,0,,,,,,,,,,239,0,0.0,2,,2,1,0,1.69,0,0,0,0,0,0,,,,,,0.07,,https://www.vumc.org/antimicrobial-stewardship-program/,HTTP Redirect,,1.1,0,https://www.vumc.org/vasp/,2021-11-29 15:05:55
144,https://www.vumc.org/general-counsel/,text/html; charset=UTF-8,200,OK,Non-Indexable,Canonicalised,Office of Legal Affairs,23,187,,0,0,,0,Our Mission,11,,0,Column A,8,Column B,8,,,,https://www.vumc.org/general-counsel/our-mission,,,,,,46439,291,7.818,2,,4,2,0,3.39,33,26,0,35,29,0,,,,,949130a64460ed8e22d527e3336b311b,0.08,"Mon, 22 Nov 2021 22:35:31 GMT",,,,1.1,0,https://www.vumc.org/general-counsel/,2021-11-29 15:05:55
145,https://www.vumc.org/credostories/,text/html; charset=iso-8859-1,302,Found,Non-Indexable,Redirected,,0,0,,0,0,,0,,0,,0,,0,,0,,,,,,,,,,219,0,0.0,2,,2,1,0,1.69,0,0,0,0,0,0,,,,,,0.02,,https://www.vumc.org/credo-stories/,HTTP Redirect,,1.1,0,https://www.vumc.org/credostories/,2021-11-29 15:05:55
146,https://www.vumc.org/compliance/,text/html; charset=UTF-8,200,OK,Non-Indexable,Canonicalised,A Word from the Medical Center Compliance Team | Office of Compliance & Corporate Integrity,91,835,,0,0,,0,A Word from the Medical Center Compliance Team,46,,0,We're Here to Help!,19,Medical Center Anonymous Reporting (Integrity Line),51,,,,https://www.vumc.org/compliance/home,,,,,,53598,358,8.934,2,,5,3,0,5.08,55,29,0,37,31,0,,,,,946619e94e90a28e3b69c80021d3935b,0.217,"Tue, 09 Nov 2021 17:10:34 GMT",,,,1.1,0,https://www.vumc.org/compliance/,2021-11-29 15:05:55
147,https://www.vumc.org/enterprisecybersecurity/vpn,text/html; charset=UTF-8,302,Found,Non-Indexable,Redirected,,0,0,,0,0,,0,,0,,0,,0,,0,,,,,,,,,,530,0,0.0,2,,5,2,0,3.39,0,0,0,0,0,0,,,,,,0.107,,https://www.vumc.org/enterprisecybersecurity/user/login?destination=vpn,HTTP Redirect,,1.1,0,https://www.vumc.org/enterprisecybersecurity/vpn,2021-11-29 15:05:55
148,https://www.vumc.org/wdcs/,text/html; charset=UTF-8,200,OK,Indexable,,Digital Engagement and Design,29,281,,0,0,,0,Home,4,,0,Column A,8,Column B,8,,,,https://www.vumc.org/wdcs/,,,,,,48329,99,6.352,2,,4,3,0,5.08,56,30,0,35,28,0,,,,,f0ee34e594b25020118401e9a02282fe,0.079,"Wed, 27 Oct 2021 20:47:14 GMT",,,,1.1,0,https://www.vumc.org/wdcs/,2021-11-29 15:05:56
149,https://www.vumc.org/rss/,text/html; charset=UTF-8,200,OK,Non-Indexable,Canonicalised,Welcome | Research Support Services,35,341,,0,0,,0,Welcome,7,,0,Research Support Services,25,Our Mission ,12,,,,https://www.vumc.org/research-support-services/welcome,,,,,,43562,198,7.474,2,,3,2,0,3.39,25,16,0,37,31,0,,,,,f66e15333c2def88558a23337df2d080,0.074,"Thu, 07 Oct 2021 18:14:21 GMT",,,,1.1,0,https://www.vumc.org/rss/,2021-11-29 15:05:56
150,https://www.vumc.org/it/,text/html; charset=UTF-8,200,OK,Non-Indexable,Canonicalised,Welcome | VUMC Information Technology,37,370,,0,0,,0,Welcome,7,,0,Contact the Help Desk,21,Your IT Updates,15,,,,https://www.vumc.org/it/welcome,,,,,,87591,193,5.27,2,,12,8,0,13.56,120,64,0,59,46,0,,,,,5d254c7d1426bc880e279ad8e6efb239,0.074,"Mon, 29 Nov 2021 18:12:37 GMT",,,,1.1,0,https://www.vumc.org/it/,2021-11-29 15:05:56
151,https://www.vumc.org/acup/,text/html; charset=UTF-8,200,OK,Non-Indexable,Canonicalised,Animal Care And Use Program | Animal Care and Use Program,57,557,,0,0,,0,Animal Care And Use Program,27,,0,Column A,8,Column B,8,,,,https://www.vumc.org/vumc-acup/animal-care-and-use-program,,,,,,61449,316,8.789,2,,3,2,0,3.39,85,42,0,34,28,0,,,,,feec55500be1353d53d9b2413b4e3a6,0.029,"Fri, 26 Nov 2021 13:42:18 GMT",,,,1.1,0,https://www.vumc.org/acup/,2021-11-29 15:05:56
152,https://www.vumc.org/health-wellness/healthplus/,text/html; charset=UTF-8,200,OK,Non-Indexable,Canonicalised,Health Plus | Vanderbilt Faculty & Staff Health and Wellness,60,529,,0,0,,0,Health Plus,11,,0,Health Plus Services,20,Wellcasts - Health Plus,23,,,,https://www.vumc.org/health-wellness/health-plus,,,,,,94837,599,8.866,2,,3,2,0,3.39,169,95,0,36,30,0,,,,,9faba9ab82e55cfe50f61b8e17cee089,0.477,,,,,1.1,0,https://www.vumc.org/health-wellness/healthplus/,2021-11-29 15:05:56
153,https://www.vumc.org/v-pnpp/,text/html; charset=iso-8859-1,302,Found,Non-Indexable,Redirected,,0,0,,0,0,,0,,0,,0,,0,,0,,,,,,,,,,211,0,0.0,2,,14,4,0,6.78,0,0,0,0,0,0,,,,,,0.021,,https://www.vumc.org/vpnpp/,HTTP Redirect,,1.1,0,https://www.vumc.org/v-pnpp/,2021-11-29 15:05:57
154,https://www.vumc.org/health-wellness/work-life,text/html; charset=UTF-8,200,OK,Non-Indexable,Canonicalised,Work/Life Connections | Vanderbilt Faculty & Staff Health and Wellness,70,628,,0,0,,0,Work/Life Connections,21,,0,Wellcasts - Work/Life Connections,33,Work/Life Connections News,26,,,,https://www.vumc.org/health-wellness/worklife-connections,,,,,,97824,739,10.095,2,,3,2,0,3.39,182,103,0,35,29,0,,,,,b76554a1509419ac425592cbd247cfd7,0.8,,,,,1.1,0,https://www.vumc.org/health-wellness/work-life,2021-11-29 15:05:56
155,https://www.vumc.org/Resuscitation/,text/html; charset=iso-8859-1,302,Found,Non-Indexable,Redirected,,0,0,,0,0,,0,,0,,0,,0,,0,,,,,,,,,,227,0,0.0,2,,2,1,0,1.69,0,0,0,0,0,0,,,,,,0.075,,https://www.vumc.org/resuscitation-program/,HTTP Redirect,,1.1,0,https://www.vumc.org/Resuscitation/,2021-11-29 15:05:57
156,https://www.vumc.org/it/node/761,text/html; charset=UTF-8,200,OK,Non-Indexable,Canonicalised,Clinical Workstation Issues | VUMC Information Technology,57,525,"Submit a Pegasus Ticket and include the following information:


	Name
	Phone Number
	Department
	A brief description of your problem and any other information you feel would be helpful



Prior to contacting Desktop Support with your computer issue, please consider the appropriate level of service you require. Critical or very important Issues should always be phoned in using 615-343-4357 (343-HELP). ",405,2484,,0,Clinical Workstation Issues,27,,0,Helpful Links,13,Contact the Help Desk,21,,,,https://www.vumc.org/it/clinical-workstation-issues,,,,,,72632,395,8.086,2,,4,3,0,5.08,100,55,0,41,32,0,,,,,58febb12a0eb386694a993537e0bc038,0.053,"Mon, 29 Nov 2021 18:52:57 GMT",,,,1.1,0,https://www.vumc.org/it/node/761,2021-11-29 15:05:57
157,https://www.vumc.org/health-wellness/occupational-health/,text/html; charset=UTF-8,200,OK,Non-Indexable,Canonicalised,Occupational Health | Vanderbilt Faculty & Staff Health and Wellness,68,606,,0,0,,0,Occupational Health,19,,0,Wellcasts - Occupational Health,31,Recent News,11,,,,https://www.vumc.org/health-wellness/occupational-health,,,,,,97182,785,9.953,2,,3,2,0,3.39,172,95,0,41,35,0,,,,,8f74ff0e9f4871162711bbbfdaf9c273,0.171,,,,,1.1,0,https://www.vumc.org/health-wellness/occupational-health/,2021-11-29 15:05:57
158,https://www.vumc.org/meharry-vanderbilt/,,301,Moved Permanently,Non-Indexable,Redirected,,0,0,,0,0,,0,,0,,0,,0,,0,,,,,,,,,,0,0,0.0,2,,2,1,0,1.69,0,0,0,0,0,0,,,,,,0.103,,https://www.meharry-vanderbilt.org//,HTTP Redirect,,1.1,0,https://www.vumc.org/meharry-vanderbilt/,2021-11-29 15:05:57
159,https://www.vumc.org/safety,text/html; charset=UTF-8,200,OK,Non-Indexable,Canonicalised,OCRS | Office of Clinical and Research Safety,45,407,,0,0,,0,OCRS,4,,0,Program Areas,13,Most Requested,14,,,,https://www.vumc.org/safety/index,,,,,,75111,204,8.274,2,,6,4,0,6.78,178,93,0,36,30,0,,,,,98203a24ea3b479b84eb2fe8cb215a7c,0.082,"Wed, 24 Nov 2021 15:48:02 GMT",,,,1.1,0,https://www.vumc.org/safety,2021-11-29 15:05:57
160,https://www.vumc.org/pharmacy/851,text/html; charset=UTF-8,404,Not Found,Non-Indexable,Client Error,,0,0,,0,0,,0,,0,,0,,0,,0,,,,,,,,,,12559,0,0.0,2,,2,1,0,1.69,0,0,0,0,0,0,,,,,,0.029,"Mon, 29 Nov 2021 19:25:36 GMT",,,,1.1,0,https://www.vumc.org/pharmacy/851,2021-11-29 15:05:57
161,https://www.vumc.org/enterprisecybersecurity,text/html; charset=UTF-8,200,OK,Non-Indexable,Canonicalised,Welcome | VUMC Enterprise Cybersecurity,39,381,,0,0,,0,Welcome,7,,0,Project Updates,15,I want to:,10,,,,https://www.vumc.org/enterprisecybersecurity/welcome,,,,,,66560,190,5.732,2,,19,10,0,16.95,83,47,0,39,31,0,,,,,9e4ca3b6742492a9c5d2f5f144f6fffa,0.056,"Thu, 18 Nov 2021 16:48:30 GMT",,,,1.1,0,https://www.vumc.org/enterprisecybersecurity,2021-11-29 15:05:57
162,https://www.vumc.org/specialized-training/,text/html; charset=UTF-8,301,Moved Permanently,Non-Indexable,Redirected,,0,0,,0,0,,0,,0,,0,,0,,0,,,,,,,,,,434,0,0.0,2,,2,1,0,1.69,0,0,0,0,0,0,,,,,,0.083,,https://www.vumc.org/specialized-training/index,HTTP Redirect,,1.1,0,https://www.vumc.org/specialized-training/,2021-11-29 15:05:57
163,https://www.vumc.org/general-counsel/people/conflict-interest,text/html; charset=UTF-8,302,Found,Non-Indexable,Redirected,,0,0,,0,0,,0,,0,,0,,0,,0,,,,,,,,,,582,0,0.0,2,,2,1,0,1.69,0,0,0,0,0,0,,,,,,0.245,,https://www.vumc.org/general-counsel/user/login?destination=people/conflict-interest,HTTP Redirect,,1.1,0,https://www.vumc.org/general-counsel/people/conflict-interest,2021-11-29 15:05:57
164,https://www.vumc.org/Shared%20Governance/,text/html; charset=iso-8859-1,302,Found,Non-Indexable,Redirected,,0,0,,0,0,,0,,0,,0,,0,,0,,,,,,,,,,223,0,0.0,2,,2,1,0,1.69,0,0,0,0,0,0,,,,,,0.072,,https://www.vumc.org/shared-governance/,HTTP Redirect,,1.1,0,https://www.vumc.org/Shared%20Governance/,2021-11-29 15:05:58
166,https://www.vumc.org/it/accessvumc,text/html; charset=UTF-8,200,OK,Indexable,,AccessVUMC Identity Management | VUMC Information Technology,60,598,"Overview

If you need to claim a new VUMC ID, change your VUMC password, or manage a VUMC Resource account, you are in the right place. A VUMC ID and password are required by anyone who wants to login to the VUMC network and use Medical Center resources.",254,1681,,0,AccessVUMC Identity Management,30,,0,,0,Overview,8,,,,https://www.vumc.org/it/accessvumc,,,,,,78428,209,5.818,2,,20,8,0,13.56,98,49,0,41,33,0,,,,,b67464839673fdb0f4d4f59a802c06cb,0.075,"Mon, 29 Nov 2021 18:11:32 GMT",,,,1.1,0,https://www.vumc.org/it/accessvumc,2021-11-29 15:05:58
168,https://www.vumc.org/vtci/,text/html; charset=iso-8859-1,302,Found,Non-Indexable,Redirected,,0,0,,0,0,,0,,0,,0,,0,,0,,,,,,,,,,218,0,0.0,2,,2,1,0,1.69,0,0,0,0,0,0,,,,,,0.064,,https://www.vumc.org/vtc-policies/,HTTP Redirect,,1.1,0,https://www.vumc.org/vtci/,2021-11-29 15:05:58
169,https://www.vumc.org/elevate,text/html; charset=UTF-8,200,OK,Non-Indexable,Canonicalised,Home | Elevate,14,134,,0,0,,0,Home,4,,0,Our Commitment,14,Defining Personalized Care: The Stories,39,,,,https://www.vumc.org/elevate/home,,,,,,59141,453,9.223,2,,2,2,0,3.39,62,35,0,47,36,0,,,,,91588223049132e6c3b94aaae2dc76f0,0.103,"Thu, 04 Nov 2021 15:23:29 GMT",,,,1.1,0,https://www.vumc.org/elevate,2021-11-29 15:06:00
170,https://www.vumc.org/pdc/welcome,text/html; charset=UTF-8,200,OK,Indexable,,Welcome | The Office of Planning • Design • Construction,56,507,,0,0,,0,Welcome,7,SAFETY TRAINING Click Here,26,"Planning · Design · Construction supports the mission of VUMC, creating physical environments that promote healing, research and learning by collaborating with internal departments, design teams, construction teams and the community.  We strive to implement and support the latest technology, efficiency and safety standards into our buildings. We are committed to excellence.",376,Column A,8,,,,https://www.vumc.org/pdc/welcome,,,,,,55237,229,7.183,2,,8,2,0,3.39,69,34,0,52,46,0,,,,,c413b7325ae5e334ca37b1321d32c9b6,0.085,"Mon, 29 Nov 2021 16:58:53 GMT",,,,1.1,0,https://www.vumc.org/pdc/welcome,2021-11-29 15:06:00
171,https://www.vumc.org/medcenterparking/15947,text/html; charset=iso-8859-1,302,Found,Non-Indexable,Redirected,,0,0,,0,0,,0,,0,,0,,0,,0,,,,,,,,,,224,0,0.0,2,,2,1,0,1.69,0,0,0,0,0,0,,,,,,0.026,,https://www.vumc.org/med-center-parking/,HTTP Redirect,,1.1,0,https://www.vumc.org/medcenterparking/15947,2021-11-29 15:06:00
172,https://www.vumc.org/facilities,text/html; charset=UTF-8,200,OK,Non-Indexable,Canonicalised,Welcome | Facilities Management,31,297,,0,0,,0,Welcome,7,,0,Column A,8,Column B,8,,,,https://www.vumc.org/facilities/welcome,,,,,,176936,118,1.526,2,,3,2,0,3.39,37,22,0,50,33,0,,,,,478dc66fb497549fc00a577fce3bad1,0.04,"Wed, 10 Nov 2021 16:48:48 GMT",,,,1.1,0,https://www.vumc.org/facilities,2021-11-29 15:06:00
173,https://www.vumc.org/smi/,text/html; charset=UTF-8,200,OK,Non-Indexable,Canonicalised,About Us | VUMC Patient Experience,34,327,,0,0,,0,About Us,8,,0,VUMC Patient Experience,23,Column A,8,,,,https://www.vumc.org/patient-experience/welcome,,,,,,45164,123,5.99,2,,5,4,0,6.78,35,21,0,34,28,0,,,,,48c2c54365cbe661ff1ce8872ac63f86,0.038,"Wed, 03 Nov 2021 13:45:15 GMT",,,,1.1,0,https://www.vumc.org/smi/,2021-11-29 15:06:00
174,https://www.vumc.org/socialmediatoolkit/,text/html; charset=UTF-8,301,Moved Permanently,Non-Indexable,Redirected,,0,0,,0,0,,0,,0,,0,,0,,0,,,,,,,,,,538,0,0.0,2,,2,1,0,1.69,0,0,0,0,0,0,,,,,,0.113,,https://www.vumc.org/social-media-toolkit/social-media-policy-and-toolkit,HTTP Redirect,,1.1,0,https://www.vumc.org/socialmediatoolkit/,2021-11-29 15:06:00
175,https://www.vumc.org/it/research-support,text/html; charset=UTF-8,302,Found,Non-Indexable,Redirected,,0,0,,0,0,,0,,0,,0,,0,,0,,,,,,,,,,0,0,0.0,2,,16,8,0,13.56,0,0,0,0,0,0,,,,,,0.238,,https://www.vumc.org/it/user/login?destination=research-support,HTTP Redirect,,1.1,0,https://www.vumc.org/it/research-support,2021-11-29 15:06:00
176,https://www.vumc.org/vanderbilt-nursing/our-magnet-designation,text/html; charset=UTF-8,200,OK,Indexable,,Our Magnet Designation | Vanderbilt Nursing,43,396,"WHAT DOES IT MEAN TO BE A MAGNET DESIGNATED ORGANIZATION?

Magnet designation is a known key indicator by which the nation's very best hospitals are measured by the American Nursing Credentialing Center (ANCC).  The renewal of our designation is a testimony to the tremendous focus and commitment of our nurses, nursing leadership and all members of our interdisciplinary teams provide to our patients.",402,2619,,0,Our Magnet Designation,22,,0,Magnet for VUMC Staff,21,Column A,8,,,,https://www.vumc.org/vanderbilt-nursing/our-magnet-designation,,,,,,95886,227,10.301,2,,14,4,0,6.78,204,101,0,42,33,0,,,,,6dd17f5a9c935c225009fefdaa2d9d4a,0.17,"Wed, 24 Nov 2021 18:49:35 GMT",,,,1.1,0,https://www.vumc.org/vanderbilt-nursing/our-magnet-designation,2021-11-29 15:06:00
177,https://www.vumc.org/rss/31084,text/html; charset=UTF-8,404,Not Found,Non-Indexable,Client Error,,0,0,,0,0,,0,,0,,0,,0,,0,,,,,,,,,,10919,0,0.0,2,,2,1,0,1.69,0,0,0,0,0,0,,,,,,0.03,"Mon, 29 Nov 2021 16:58:59 GMT",,,,1.1,0,https://www.vumc.org/rss/31084,2021-11-29 15:06:01
178,https://www.vumc.org/safety/clinical/n-95-respirator-program,text/html; charset=UTF-8,302,Found,Non-Indexable,Redirected,,0,0,,0,0,,0,,0,,0,,0,,0,,,,,,,,,,578,0,0.0,2,,4,2,0,3.39,0,0,0,0,0,0,,,,,,0.104,,https://www.vumc.org/safety/user/login?destination=clinical/n-95-respirator-program,HTTP Redirect,,1.1,0,https://www.vumc.org/safety/clinical/n-95-respirator-program,2021-11-29 15:06:01
180,https://www.vumc.org/it/vumc-software-store,text/html; charset=UTF-8,200,OK,Indexable,,VUMC Software Store | VUMC Information Technology,49,479,VUMC Software Store - Login now,31,213,,0,VUMC Software Store,19,,0,VUMC Software Store - Login now,31,Special Deals,13,,,,https://www.vumc.org/it/vumc-software-store,,,,,,91581,346,5.949,2,,4,3,0,5.08,116,64,0,64,54,0,,,,,e27c38e53dff8200200672b0002db407,0.08,"Mon, 29 Nov 2021 18:17:48 GMT",,,,1.1,0,https://www.vumc.org/it/vumc-software-store,2021-11-29 15:06:01
181,https://www.vumc.org/osp/,text/html; charset=iso-8859-1,302,Found,Non-Indexable,Redirected,,0,0,,0,0,,0,,0,,0,,0,,0,,,,,,,,,,224,0,0.0,2,,4,2,0,3.39,0,0,0,0,0,0,,,,,,0.058,,https://www.vumc.org/sponsored-programs/,HTTP Redirect,,1.1,0,https://www.vumc.org/osp/,2021-11-29 15:06:01
182,https://www.vumc.org/qsrp/opioid,text/html; charset=UTF-8,200,OK,Indexable,,"Opioid and Controlled Substances Reference Information for VUMC | Vanderbilt Quality, Safety and Risk Prevention",112,1015,,0,0,,0,Opioid and Controlled Substances Reference Information for VUMC,63,,0,Vanderbilt Committee on Opioid Monitoring and Stewardship (VCOMS),65,Column A,8,,,,https://www.vumc.org/qsrp/opioid,,,,,,61048,596,9.923,2,,5,2,0,3.39,59,35,0,44,37,0,,,,,6be1396269ebc0837a496f23aacf31b,0.083,"Fri, 26 Nov 2021 21:35:23 GMT",,,,1.1,0,https://www.vumc.org/qsrp/opioid,2021-11-29 15:06:01
184,https://www.vumc.org/department-pharmacy/anticoagulation-oversight-committee-resources,text/html; charset=UTF-8,301,Moved Permanently,Non-Indexable,Redirected,,0,0,,0,0,,0,,0,,0,,0,,0,,,,,,,,,,630,0,0.0,2,,2,1,0,1.69,0,0,0,0,0,0,,,,,,0.075,,https://www.vumc.org/department-pharmacy/vuh-adult-anticoagulation-oversight-committee-resources,HTTP Redirect,,1.1,0,https://www.vumc.org/department-pharmacy/anticoagulation-oversight-committee-resources,2021-11-29 15:06:01
185,https://www.vumc.org/coronavirus/clinical-and-employee-guidance,text/html; charset=UTF-8,301,Moved Permanently,Non-Indexable,Redirected,,0,0,,0,0,,0,,0,,0,,0,,0,,,,,,,,,,10903,0,0.0,2,,3,2,0,3.39,0,0,0,0,0,0,,,,,,0.081,,https://www.vumc.org/coronavirus/clinician-and-employee-guidance,HTTP Redirect,,1.1,0,https://www.vumc.org/coronavirus/clinical-and-employee-guidance,2021-11-29 15:06:02
186,https://www.vumc.org/main/samllogin,text/html; charset=UTF-8,200,OK,Indexable,,,0,0,,0,0,,0,,0,,0,,0,,0,,,,,,,,,,4148,2,0.338,2,,1,1,0,1.69,0,0,0,0,0,0,,,,,ba228d99fc73a5eeed3fad80a8e168c2,0.305,,,,,1.1,0,https://www.vumc.org/main/samllogin,2021-11-29 15:06:02
187,https://www.vumc.org/safety/sds/,text/html; charset=UTF-8,200,OK,Non-Indexable,Canonicalised,Safety Data Sheets (SDS) | Office of Clinical and Research Safety,65,577,,0,0,,0,Safety Data Sheets (SDS),24,,0,SDS,3,Column A,8,,,,https://www.vumc.org/safety/sds,,,,,,72393,127,7.853,2,,3,2,0,3.39,169,82,0,34,28,0,,,,,9b49691f53737cd883befed51d484033,0.256,"Wed, 24 Nov 2021 21:32:29 GMT",,,,1.1,0,https://www.vumc.org/safety/sds/,2021-11-29 15:06:02
188,https://www.vumc.org/ips/,text/html; charset=iso-8859-1,404,Not Found,Non-Indexable,Client Error,,0,0,,0,0,,0,,0,,0,,0,,0,,,,,,,,,,321,0,0.0,2,,2,1,0,1.69,0,0,0,0,0,0,,,,,,0.019,,,,,1.1,0,https://www.vumc.org/ips/,2021-11-29 15:06:02
189,https://www.vumc.org/suggestionbox/,text/html; charset=iso-8859-1,302,Found,Non-Indexable,Redirected,,0,0,,0,0,,0,,0,,0,,0,,0,,,,,,,,,,224,0,0.0,2,,2,1,0,1.69,0,0,0,0,0,0,,,,,,0.02,,https://www.vumc.org/ceo-suggestion-box/,HTTP Redirect,,1.1,0,https://www.vumc.org/suggestionbox/,2021-11-29 15:06:02
190,https://www.vumc.org/mysite/,text/html; charset=iso-8859-1,302,Found,Non-Indexable,Redirected,,0,0,,0,0,,0,,0,,0,,0,,0,,,,,,,,,,229,0,0.0,2,,4,2,0,3.39,0,0,0,0,0,0,,,,,,0.074,,https://www.vumc.org/accreditation-standards/,HTTP Redirect,,1.1,0,https://www.vumc.org/mysite/,2021-11-29 15:06:02
191,https://www.vumc.org/it/accellion-secure-file-transfer,text/html; charset=iso-8859-1,302,Found,Non-Indexable,Redirected,,0,0,,0,0,,0,,0,,0,,0,,0,,,,,,,,,,259,0,0.0,2,,2,1,0,1.69,0,0,0,0,0,0,,,,,,0.067,,https://www.vumc.org/enterprisecybersecurity/accellion-secure-file-transfer,HTTP Redirect,,1.1,0,https://www.vumc.org/it/accellion-secure-file-transfer,2021-11-29 15:06:02
192,https://www.vumc.org/epmo/,text/html; charset=UTF-8,200,OK,Non-Indexable,Canonicalised,Welcome | Enterprise Program Management Office,46,449,,0,0,,0,Welcome,7,,0,Contact Us,10,Column A,8,,,,https://www.vumc.org/epmo/welcome,,,,,,40759,82,5.91,2,,4,2,0,3.39,29,17,0,33,27,0,,,,,5290b4fa8abe67fdbf6fe28fe468f26b,0.081,"Thu, 07 Oct 2021 17:23:49 GMT",,,,1.1,0,https://www.vumc.org/epmo/,2021-11-29 15:06:02
193,https://www.vumc.org/emergency/,text/html; charset=UTF-8,200,OK,Non-Indexable,Canonicalised,VUMC Emergency Preparedness,27,293,,0,0,,0,Welcome,7,,0,COVID-19 Coronavirus:,21,VUMC Department of Emergency Preparedness Information,53,,,,https://www.vumc.org/emergency/welcome,,,,,,73516,293,9.351,2,,6,3,0,5.08,136,71,0,48,42,0,,,,,363e280c5c745f51a00206ac739668aa,0.062,"Thu, 07 Oct 2021 19:28:01 GMT",,,,1.1,0,https://www.vumc.org/emergency/,2021-11-29 15:06:04
194,https://www.vumc.org/patienteducation/,text/html; charset=iso-8859-1,302,Found,Non-Indexable,Redirected,,0,0,,0,0,,0,,0,,0,,0,,0,,,,,,,,,,223,0,0.0,2,,2,1,0,1.69,0,0,0,0,0,0,,,,,,0.019,,https://www.vumc.org/patient-education/,HTTP Redirect,,1.1,0,https://www.vumc.org/patienteducation/,2021-11-29 15:06:04
195,https://www.vumc.org/wdcs,text/html; charset=UTF-8,200,OK,Non-Indexable,Canonicalised,Digital Engagement and Design,29,281,,0,0,,0,Home,4,,0,Column A,8,Column B,8,,,,https://www.vumc.org/wdcs/,,,,,,48329,99,6.352,2,,2,2,0,3.39,56,31,0,35,28,0,,,,,f0ee34e594b25020118401e9a02282fe,0.102,"Wed, 27 Oct 2021 20:47:14 GMT",,,,1.1,0,https://www.vumc.org/wdcs,2021-11-29 15:06:04
196,https://www.vumc.org/main/caslogin,text/html; charset=UTF-8,302,Found,Non-Indexable,Redirected,,0,0,,0,0,,0,,0,,0,,0,,0,,,,,,,,,,618,0,0.0,2,,1,1,0,1.69,0,0,0,0,0,0,,,,,,0.027,"Mon, 29 Nov 2021 14:48:36 GMT",https://login.mis.vanderbilt.edu/mis-cas/login?service=https%3A//www.vumc.org/main/casservice,HTTP Redirect,,1.1,0,https://www.vumc.org/main/caslogin,2021-11-29 15:06:04
197,https://www.vumc.org/health-wellness/,text/html; charset=UTF-8,200,OK,Non-Indexable,Canonicalised,Vanderbilt Faculty & Staff Health and Wellness,46,411,,0,0,,0,Welcome,7,Your Well-being Navigator,25,Wellness Quick Links,20,Work Life,9,,,,https://www.vumc.org/health-wellness/welcome,,,,,,98251,239,6.278,2,,8,6,0,10.17,187,106,0,41,35,0,,,,,cca3c0c839a8ae57a7da5a08ec35b19a,0.164,,,,,1.1,0,https://www.vumc.org/health-wellness/,2021-11-29 15:06:04
198,https://www.vumc.org/Alliedhealth/,text/html; charset=iso-8859-1,404,Not Found,Non-Indexable,Client Error,,0,0,,0,0,,0,,0,,0,,0,,0,,,,,,,,,,330,0,0.0,2,,2,1,0,1.69,0,0,0,0,0,0,,,,,,0.02,,,,,1.1,0,https://www.vumc.org/Alliedhealth/,2021-11-29 15:06:04
199,https://www.vumc.org/periopservices/,text/html; charset=iso-8859-1,302,Found,Non-Indexable,Redirected,,0,0,,0,0,,0,,0,,0,,0,,0,,,,,,,,,,221,0,0.0,2,,2,1,0,1.69,0,0,0,0,0,0,,,,,,0.069,,https://www.vumc.org/periop-services/,HTTP Redirect,,1.1,0,https://www.vumc.org/periopservices/,2021-11-29 15:06:05
201,https://www.vumc.org/InfoPrivacySecurity/17071,text/html; charset=iso-8859-1,302,Found,Non-Indexable,Redirected,,0,0,,0,0,,0,,0,,0,,0,,0,,,,,,,,,,234,0,0.0,2,,2,1,0,1.69,0,0,0,0,0,0,,,,,,0.077,,https://www.vumc.org/information-privacy-security/,HTTP Redirect,,1.1,0,https://www.vumc.org/InfoPrivacySecurity/17071,2021-11-29 15:06:05
202,https://www.vumc.org/it/computer-support,text/html; charset=UTF-8,200,OK,Indexable,,Computer Support | VUMC Information Technology,46,449,"For assistance with a computer that is not working properly, knowing what information to provide when you submit a Pegasus Ticket will expedite your request. See the ""Consider these service levels"" tab below for details.",220,1364,,0,Computer Support,16,,0,How can I get assistance with my computer?,42,Want to transition your department to VUMC IT support?,54,,,,https://www.vumc.org/it/computer-support,,,,,,83469,1384,14.178,2,,18,8,0,13.56,105,57,0,46,34,0,,,,,8462d8e1826e988dbee45783021e469f,0.073,"Mon, 29 Nov 2021 18:11:20 GMT",,,,1.1,0,https://www.vumc.org/it/computer-support,2021-11-29 15:06:06
203,https://www.vumc.org/rapidresponse/,text/html; charset=iso-8859-1,302,Found,Non-Indexable,Redirected,,0,0,,0,0,,0,,0,,0,,0,,0,,,,,,,,,,220,0,0.0,2,,2,1,0,1.69,0,0,0,0,0,0,,,,,,0.021,,https://www.vumc.org/rapid-response/,HTTP Redirect,,1.1,0,https://www.vumc.org/rapidresponse/,2021-11-29 15:06:06
204,https://www.vumc.org/vandyworks/,text/html; charset=UTF-8,302,Found,Non-Indexable,Redirected,,0,0,,0,0,,0,,0,,0,,0,,0,,,,,,,,,,466,0,0.0,2,,2,1,0,1.69,0,0,0,0,0,0,,,,,,0.196,,https://www.vumc.org/vandyworks/user/login?destination=,HTTP Redirect,,1.1,0,https://www.vumc.org/vandyworks/,2021-11-29 15:06:06
205,https://www.vumc.org/it/itsm,text/html; charset=UTF-8,200,OK,Non-Indexable,Canonicalised,IT Service Management | VUMC Information Technology,51,496,"Overview

IT Service Management (ITSM) is the complete set of activities and tools that VUMC IT uses to plan, design, deliver, operate and control information technology (IT) services offered to our Medical Center customers.

ITSM is comprised of different modules including the following:",289,1781,,0,IT Service Management,21,,0,Overview,8,Contact the Help Desk,21,,,,https://www.vumc.org/it/it-service-management,,,,,,70401,142,6.119,2,,3,2,0,3.39,103,57,0,40,32,0,,,,,59e3b2ddcc5c92520cba19c815730636,0.551,"Mon, 29 Nov 2021 20:06:06 GMT",,,,1.1,0,https://www.vumc.org/it/itsm,2021-11-29 15:06:06
206,https://www.vumc.org/preceptorprogram/35797,text/html; charset=iso-8859-1,302,Found,Non-Indexable,Redirected,,0,0,,0,0,,0,,0,,0,,0,,0,,,,,,,,,,223,0,0.0,2,,2,1,0,1.69,0,0,0,0,0,0,,,,,,0.07,,https://www.vumc.org/preceptor-program/,HTTP Redirect,,1.1,0,https://www.vumc.org/preceptorprogram/35797,2021-11-29 15:06:07
207,https://www.vumc.org/risk-management/,text/html; charset=UTF-8,200,OK,Non-Indexable,Canonicalised,VUMC Risk and Insurance Management,34,355,,0,0,,0,Welcome,7,,0,Related Resources,17,Protection of Minors Information,32,,,,https://www.vumc.org/risk-management/welcome,,,,,,51657,256,7.622,2,,5,3,0,5.08,60,39,0,44,37,0,,,,,a09fe426db686ea4a2b6304f95c1da25,0.116,"Thu, 07 Oct 2021 19:07:13 GMT",,,,1.1,0,https://www.vumc.org/risk-management/,2021-11-29 15:06:07
208,https://www.vumc.org/it/medical-center-help-and-support,text/html; charset=UTF-8,200,OK,Indexable,,Medical Center Help and Support | VUMC Information Technology,61,581,For immediate assistance call the VUMC IT Help Desk at 615-343-HELP (4357).,75,498,,0,Medical Center Help and Support,31,,0,For immediate assistance call the VUMC IT Help Desk at 615-343-HELP (4357).,75,Column A,8,,,,https://www.vumc.org/it/medical-center-help-and-support,,,,,,69500,57,5.328,2,,19,10,0,16.95,101,50,0,41,32,0,,,,,f1a2492f96f3043c9f3f94ecd46aaa92,0.033,"Mon, 29 Nov 2021 18:48:48 GMT",,,,1.1,0,https://www.vumc.org/it/medical-center-help-and-support,2021-11-29 15:06:07
209,https://www.vumc.org/elevate/,text/html; charset=UTF-8,200,OK,Non-Indexable,Canonicalised,Home | Elevate,14,134,,0,0,,0,Home,4,,0,Our Commitment,14,Defining Personalized Care: The Stories,39,,,,https://www.vumc.org/elevate/home,,,,,,59141,453,9.223,2,,4,3,0,5.08,62,34,0,47,36,0,,,,,91588223049132e6c3b94aaae2dc76f0,0.033,"Thu, 04 Nov 2021 15:23:29 GMT",,,,1.1,0,https://www.vumc.org/elevate/,2021-11-29 15:06:07
210,https://www.vumc.org/gme/,text/html; charset=UTF-8,200,OK,Non-Indexable,Canonicalised,Welcome | Office of Graduate Medical Education,46,427,,0,0,,0,Welcome,7,,0,Research Forum,14,"Events, News, & Pictures",24,,,,https://www.vumc.org/gme/welcome,,,,,,72377,371,9.056,2,,5,3,0,5.08,119,68,0,72,49,0,,,,,86509dc4e5a2ec0754d5297db9186166,0.116,"Mon, 29 Nov 2021 17:21:45 GMT",,,,1.1,0,https://www.vumc.org/gme/,2021-11-29 15:06:07
211,https://www.vumc.org/gme/2774,text/html; charset=UTF-8,301,Moved Permanently,Non-Indexable,Redirected,,0,0,,0,0,,0,,0,,0,,0,,0,,,,,,,,,,390,0,0.0,2,,2,1,0,1.69,0,0,0,0,0,0,,,,,,0.303,,https://www.vumc.org/gme/house-staff,HTTP Redirect,,1.1,0,https://www.vumc.org/gme/2774,2021-11-29 15:06:07
212,https://www.vumc.org/it/zoom,text/html; charset=UTF-8,302,Found,Non-Indexable,Redirected,,0,0,,0,0,,0,,0,,0,,0,,0,,,,,,,,,,0,0,0.0,2,,2,1,0,1.69,0,0,0,0,0,0,,,,,,0.206,,https://www.vumc.org/it/user/login?destination=zoom,HTTP Redirect,,1.1,0,https://www.vumc.org/it/zoom,2021-11-29 15:06:07
213,https://www.vumc.org/mcsac/,text/html; charset=iso-8859-1,302,Found,Non-Indexable,Redirected,,0,0,,0,0,,0,,0,,0,,0,,0,,,,,,,,,,228,0,0.0,2,,2,1,0,1.69,0,0,0,0,0,0,,,,,,0.073,,https://www.vumc.org/staff-advisory-council/,HTTP Redirect,,1.1,0,https://www.vumc.org/mcsac/,2021-11-29 15:06:08
214,https://www.vumc.org/vpls/,text/html; charset=UTF-8,200,OK,Non-Indexable,Canonicalised,Welcome | Vanderbilt Pathology Laboratory Services,50,463,,0,0,,0,Welcome,7,,0,VUMC CLINICAL LABORATORY CRITICAL VALUES LIST,45,VUMC RESPIRATORY VIRUS STATISTICS,33,,,,https://www.vumc.org/pathology-lab-services/welcome,,,,,,45828,124,6.48,2,,3,2,0,3.39,48,30,0,40,32,0,,,,,2bdd6f83a89d4a8bfb6080cf76b1b0b0,0.081,"Mon, 29 Nov 2021 14:35:11 GMT",,,,1.1,0,https://www.vumc.org/vpls/,2021-11-29 15:06:08
